Date,Month_End,Broker,Portfolio,RefCur,Currency,Nominal/Quantity,Cost_Price,Last_Price,Last_Price_Date,Exchange_Rate,Calculated_Amount,Amount_In_USD,Calculated_Accrued_Interest,Accrued_Interest_In_USD,Total_Amount_In_USD,FileDate,Bank,ISIN,Asset,AssetSubtype,Description,Statement_Product_Type,Compliance_Product_Type,Product_Valor,Product,Underlying
2026/6/1,202606,BOS HK,C,HKD,HKD,0,0,0,,1,1493.5725,192.7190322,0,0,192.7190322,2026/6/1,BOS,,Current Accounts,,Current Accounts HKD,Cash,Cash,,,
2026/6/1,202606,BOS HK,A,USD,HKD,90000,5.75648755,1.983525933,2026/6/16,7.833325,149954.5605,19143.15656,0,0,19143.15656,2026/6/1,BOS,KYG5140J1013,Equities,Equities,Jinxin Fertility Group Ord Shs,Equity,Equity,,Jinxin Fertility Group Ord Shs,Jinxin Fertility Group Limited;1951.HK
2026/6/1,202606,BOS HK,B,USD,JPY,0,0,0,,160.256251,4071978.4,25409.1712,0,0,25409.1712,2026/6/1,BOS,,Current Accounts,,Current Accounts JPY,Cash,Cash,,,
2026/6/1,202606,BOS HK,A,USD,USD,30000,3.3734,2.539494771,2026/6/16,1,83041.47901,83041.47901,0,0,83041.47901,2026/6/1,BOS,US90114C1071,Equities,Equities,TUYA INC,Equity,Equity,TUYA US,TUYA INC,Tuya Inc;TUYA
2026/6/1,202606,BOS HK,B,USD,AUD,0,0,0,,0.70617445,0,0,0,0,0,2026/6/1,BOS,,Current Accounts,,Current Accounts AUD,Cash,Cash,,,
2026/6/1,202606,BOS HK,A,USD,USD,9000,5.4035,3.795401929,2026/6/16,1,31084.3418,31084.3418,0,0,31084.3418,2026/6/1,BOS,US91531W1062,Equities,Equities,UP FINTECH HOLDING ADR,Equity,Equity,TIGR US,UP FINTECH HOLDING SHARES A LTD SPONSORED AMERICAN DEPOSITARY SHARE REPR 15 SHS −A−,UP Fintech Holding Limited;1M5.F
2026/6/1,202606,BOS HK,B,USD,EUR,0,0,0,,1.159447,0,0,0,0,0,2026/6/1,BOS,,Current Accounts,,Current Accounts EUR,Cash,Cash,,,
2026/6/1,202606,BOS HK,A,USD,USD,300,111.3191667,10.69751411,2026/6/16,1,2631.588472,2631.588472,0,0,2631.588472,2026/6/1,BOS,US12233L2060,Equities,Equities,BURNING ROCK BIOTECH ADS REP 10 ORD,Equity,Equity,,,
2026/6/1,202606,BOS HK,A,USD,AUD,0,0,0,,0.70617445,1093.2942,772.0536,0,0,772.0536,2026/6/1,BOS,,Current Accounts,,Current Accounts AUD,Cash,Cash,,,
2026/6/1,202606,BOS HK,A,USD,HKD,0,0,0,,7.833325,101037.4218,12898.4072,0,0,12898.4072,2026/6/1,BOS,,Current Accounts,,Current Accounts HKD,Cash,Cash,,,
2026/6/1,202606,BOS HK,B,USD,HKD,0,0,0,,7.833325,9295.7088,1186.6848,0,0,1186.6848,2026/6/1,BOS,,Current Accounts,,Current Accounts HKD,Cash,Cash,,,
2026/6/1,202606,BOS HK,B,USD,GBP,0,0,0,,1.34155095,0,0,0,0,0,2026/6/1,BOS,,Current Accounts,,Current Accounts GBP,Cash,Cash,,,
2026/6/1,202606,BOS HK,A,USD,HKD,19000,441.1648153,522.8158101,2026/6/16,7.833325,10728180.42,1369556.4,0,0,1369556.4,2026/6/1,BOS,KYG875721634,Equities,Equities,TENCENT HOLDINGS LTD (700),Equity,Equity,24014323,Reg.shsTencentHoldingsLtd (700) 分派:07.06.2021 分派金額:HKD 1.6 交易編號24014323-ISINKYG875721634,Tencent Holdings Limited;0700.HK
2026/6/1,202606,BOS HK,A,USD,HKD,17000,37.12403588,14.52642879,2026/6/16,7.833325,227193.3462,29003.43452,0,0,29003.43452,2026/6/1,BOS,CNE100001M79,Equities,Equities,SHANGHAI FOSUN PHARMACEUTI-H (2196),Equity,Equity,2196,FOSUN PHARMA 復星醫藥,"Shanghai Fosun Pharmaceutical (Group) Co., Ltd.;2196.HK"
2026/6/1,202606,BOS HK,A,USD,HKD,57000,123.2508396,95.55881591,2026/6/16,7.833325,5011104.306,639716.1215,0,0,639716.1215,2026/6/1,BOS,KYG017191142,Equities,Equities,ALIBABA GRP HLDG,Equity,Equity,,Alibaba Group Holding Ltd (HKEX),Alibaba Group Holding Limited;9988.HK
2026/6/1,202606,BOS HK,A,USD,USD,10000,4.23695,3.864044444,2026/6/16,1,42118.08444,42118.08444,0,0,42118.08444,2026/6/1,BOS,US00138L1089,Equities,Equities,ATRENEW ADR 3 ADR REP 2 CL A ORD,Equity,Equity,RERE US,ATRenew 3 ADR Representing Ord Shs Class A,ATRenew Inc;RERE
2026/6/1,202606,BOS HK,C,HKD,USD,0,0,0,,7.833325,44.6493,45.1296,0,0,45.1296,2026/6/1,BOS,,Current Accounts,,Current Accounts USD,Cash,Cash,,,
2026/6/1,202606,BOS HK,A,USD,GBP,0,0,0,,1.34155095,87,116.7192,0,0,116.7192,2026/6/1,BOS,,Current Accounts,,Current Accounts GBP,Cash,Cash,,,
2026/6/1,202606,BOS HK,B,USD,USD,0,0,0,,1,1470825.096,1470825.096,290.71,290.71,1471075.107,2026/6/1,BOS,,Current Accounts,,Current Accounts USD,Cash,Cash,,,
2026/6/1,202606,BOS HK,A,USD,USD,2000000,96.75,75.08785235,2026/6/16,1,1369696.037,1351581.342,20127.43904,20127.43904,1369696.037,2026/6/1,BOS,US91282CLF67,Bonds,Fixed Income,UST    3.875 08/15/34,Bond,Bond,,UNITED STATES OF AMERICA 3.875 BOND 2024-15.08.2034,USA Government Bond
2026/6/1,202606,BOS HK,A,USD,HKD,205000,33.84093229,23.06127197,2026/6/16,7.833325,4018426.64,512991.1776,0,0,512991.1776,2026/6/1,BOS,KYG9830T1067,Equities,Equities,XIAOMI CORP,Equity,Equity,42399032,Reg.shsXiaomiCorp. Unitary144A/RegS (1810) 交易編號42399032-股票代號1810,Xiaomi Corporation;1810.HK
2026/6/1,202606,BOS HK,A,USD,USD,2500,25.789036,9.603062273,2026/6/16,1,24727.88535,24727.88535,0,0,24727.88535,2026/6/1,BOS,US65487X1028,Equities,Equities,NOAH HOLDINGS LTD - SPON ADS,Equity,Equity,NOAH US,NOAH HOLDINGS LTD SHS SPONSORED AMERICAN DEPOSITARY RECEIPT REPR 1 2 SH-A-,Noah Holdings Limited;NOAH
2026/6/1,202606,BOS HK,A,USD,USD,0,0,0,,1,265410.504,265410.504,88.27,88.27,265489.947,2026/6/1,BOS,,Current Accounts,,Current Accounts USD,Cash,Cash,,,
2026/6/1,202606,BOS HK,A,USD,HKD,4700,110.8056723,85.08071757,2026/6/16,7.833325,447864.8973,57174.30548,0,0,57174.30548,2026/6/1,BOS,KYG596691041,Equities,Equities,MEITUAN-W ORD SHS,Equity,Equity,,Meituan Dianping (3690),Meituan;3690.HK
2026/6/1,202606,BOS HK,A,USD,HKD,27000,16.65856259,76.31290298,2026/6/16,7.833325,1648358.704,210428.9937,0,0,210428.9937,2026/6/1,BOS,KYG8020E1199,Equities,Equities,SEMICONDUCTOR MANUFACTURING (981),Equity,Equity,981,Semicondustor Manufacturing Intl Corp. (0981),Semiconductor Manufacturing International Corporation;0981.HK
2026/6/1,202606,BOS HK,A,USD,HKD,10000,26.688119,20.842875,2026/6/16,7.833325,233440.2,29800.91018,0,0,29800.91018,2026/6/1,BOS,CNE100004QP1,Equities,Equities,MEDBOT-B ORD H,Equity,Equity,,Shanghai Microport Medbot H,"Shanghai MicroPort MedBot (Group) Co., Ltd. ;2252.HK"
2026/6/1,202606,BOS HK,B,USD,CNH,0,0,0,,6.7602125,0,0,0,0,0,2026/6/1,BOS,,Current Accounts,,Current Accounts CNH,Cash,Cash,,,
2026/6/1,202606,BOS HK,B,USD,SGD,0,0,0,,1.2824635,0,0,0,0,0,2026/6/1,BOS,,Current Accounts,,Current Accounts SGD,Cash,Cash,,,
2026/6/1,202606,BOS HK,A,USD,HKD,22000,17.82578772,6.948220181,2026/6/16,7.833325,171204.1453,21855.86715,0,0,21855.86715,2026/6/1,BOS,KYG608371046,Equities,Equities,MICROPORT SCIENTIFIC CORP (853),Equity,Equity,,MICROPORT SCIENTIFIC CORP (853),MicroPort Scientific Corporation;0853.HK
2026/6/1,202606,BOS HK,B,USD,HKD,10000,8.81,0,2020/4/20,7.833325,0,0,0,0,0,2026/6/1,BOS,018140-UNTR,Equities,Equities,REALGOLD MINING-DELISTED (UNTRADED),Equity,Equity,,,
2026/6/1,202606,BOS HK,A,USD,HKD,300,121.3263667,38.250365,2026/6/16,7.833325,13655.38031,1743.242654,0,0,1743.242654,2026/6/1,BOS,KYG532631028,Equities,Equities,KUAISHOU TECH,Equity,Equity,1024,KUAISHOU TECH KYG532631028,Kuaishou Technology;1024.HK
2026/6/1,202606,BOS SG,B,USD,USD,500000,101.8,113.8872387,2026/6/16,1,654328.3683,643462.8984,9615.460079,9615.460079,654328.3683,2026/6/1,BOS,XS2282238083,Bonds,Fixed Income,ASAML  4.100 Perp     '31 FRN,Bond,Bond,,,
2026/6/1,202606,BOS SG,B,USD,USD,0,0,0,,1,1132504.745,1132504.745,2159.74,2159.74,1134750.874,2026/6/1,BOS,,Deposits,,TERM DEPOSIT USD 3.40% 29/06/2026 AA26146LM305,TD,Spot/FX/Deposit/Loans,,,
2026/6/1,202606,BOS SG,A,USD,CHF,0,0,0,,0.795023,-1048262.374,-1318530.875,0,0,-1318530.875,2026/6/1,BOS,,Loans,,TERM LOAN CHF 1.30% 23/06/2026 AA26166YY2ZH,TL,Spot/FX/Deposit/Loans,,,
2026/6/1,202606,BOS SG,C,USD,USD,1617,218.3122387,205.5471556,2026/6/16,1,332369.7505,332369.7505,0,0,332369.7505,2026/6/1,BOS,US68389X1054,Equities,Equities,ORACLE CORPORATION,Equity,Equity,,Oracle Corp Registered-shares,Oracle Corporation;ORCL
2026/6/1,202606,BOS SG,B,USD,HKD,0,0,0,,7.833325,0,0,0,0,0,2026/6/1,BOS,,Current Accounts,,Current Accounts HKD,Cash,Cash,,,
2026/6/1,202606,BOS SG,A,USD,USD,57,198.9810526,346.3250412,2026/6/16,1,21122.36426,21122.36426,0,0,21122.36426,2026/6/1,BOS,US0378331005,Equities,Equities,APPLE INC,Equity,Equity,908440,Reg.shs Apple Inc. Distribution: 13.05.2021 Distribution amount: USD 0.22 Valor 908440 - Symbol AAPL,Apple Inc;AAPL
2026/6/1,202606,BOS SG,C,USD,USD,788,478.0467132,371.735367,2026/6/16,1,310503.1174,310503.1174,0,0,310503.1174,2026/6/1,BOS,US5949181045,Equities,Equities,MICROSOFT CORPORATION,Equity,Equity,,REGISTERED SHS MICROSOFT CORP US5949181045 1000 USD 153.5 NASDAQ,Microsoft Corporation;MSFT
2026/6/1,202606,BOS SG,B,USD,USD,0,0,0,,1,947383.7769,947383.7769,2159.74,2159.74,949262.7507,2026/6/1,BOS,,Deposits,,TERM DEPOSIT USD 3.40% 29/06/2026 AA26146C615H,TD,Spot/FX/Deposit/Loans,,,
2026/6/1,202606,BOS SG,B,USD,SGD,350000,100,116.5905569,2026/6/16,1.2824635,342776.2374,267279.5301,0,0,267279.5301,2026/6/1,BOS,XS3293871862,Equity Structured Products,Equities,"9M SGD OCBC FCN - SGXL.SI, STEL.SI",FCN,Structured Product,,"9M SGD OCBC FCN - SGXL.SI, STEL.SI 161226 XS3293871862",Singapore Exchange Limited;S68.SI;Singapore Telecommunications Limited;Z74.SI
2026/6/1,202606,BOS SG,A,USD,USD,200000,100.45,117.0536379,2026/6/16,1,225625.6597,224742.9847,919.4531063,919.4531063,225625.6597,2026/6/1,BOS,US456837AZ69,Bonds,Fixed Income,INGA   4.250 Perp     FRN,Bond,Bond,,ING GROEP NV INGA 4.250 Perp FRN,ING Groep N.V.;ING
2026/6/1,202606,BOS SG,B,USD,USD,0,0,0,,1,1176062.62,1176062.62,2159.74,2159.74,1178395.139,2026/6/1,BOS,,Deposits,,TERM DEPOSIT USD 3.40% 29/06/2026 AA261462LBH0,TD,Spot/FX/Deposit/Loans,,,
2026/6/1,202606,BOS SG,A,USD,USD,100000,100,68.64286205,2026/6/16,1,73447.86239,73447.86239,0,0,73447.86239,2026/6/1,BOS,XS3365236051,Equity Structured Products,Equities,"6M USD NATIXIS FCN - NVDA.OQ, TSM.N",FCN,Structured Product,,"6M USD NATIXIS FCN - NVDA.OQ, TSM.N , GOOGL.OQ 071226 XS3365236051",Alphabet Inc;GOOGL;NVIDIA Corporation;NVDA;Taiwan Semiconductor Manufacturing Company Limited;TSM
2026/6/1,202606,BOS SG,C,USD,USD,1000000,106.93,75.73938015,2026/6/16,1,727083.4139,711950.1734,16099.19192,16099.19192,727083.4139,2026/6/1,BOS,US404280DT33,Bonds,Fixed Income,HSBA   8.000 Perp     '28 FRN,Bond,Bond,125450589,8 % Convertible BondsHSBC Holdings PLC 2023 without final maturityGlobalVR,HSBC Holdings plc;HSBA.L
2026/6/1,202606,BOS SG,B,USD,USD,0,0,0,,1,1292627.448,1292627.448,827.67,827.67,1293604.099,2026/6/1,BOS,,Deposits,,TERM DEPOSIT USD 3.40% 09/07/2026 AA261569HDVY,TD,Spot/FX/Deposit/Loans,,,
2026/6/1,202606,BOS SG,A,USD,USD,100000,100,121.2017035,2026/6/16,1,105445.482,105445.482,0,0,105445.482,2026/6/1,BOS,XS3365232738,Equity Structured Products,Equities,"6M USD NATIXIS FCN - NVDA.OQ, AMD.O",FCN,Structured Product,,"6M USD NATIXIS FCN - NVDA.OQ, AMD.O Q, AVGO.OQ 041226 XS3365232738",NVIDIA Corporation;NVDA;Advanced Micro Devices Inc;AMD;Broadcom Inc;AVGO
2026/6/1,202606,BOS SG,B,USD,EUR,0,0,0,,1.159447,497.292,576.5838,0,0,576.5838,2026/6/1,BOS,,Current Accounts,,Current Accounts EUR,Cash,Cash,,,
2026/6/1,202606,BOS SG,A,USD,USD,36,120.3919444,198.6655987,2026/6/16,1,7652.598862,7652.598862,0,0,7652.598862,2026/6/1,BOS,US67066G1040,Equities,Equities,NVIDIA CORPORATION,Equity,Equity,NVDA,NVIDIA C,NVIDIA Corporation;NVDA
2026/6/1,202606,BOS SG,C,USD,USD,0,0,0,,1,0,-32604.3872,0,0,-32604.3872,2026/6/1,BOS,,Equity Derivatives,,ACCU USD 332.0539 ALPHABET INC-CL C 07/10/2027 KO: 405.905; Booster: 2X SYACDC2612800233,Equity AQ,Structured Product,,,
2026/6/1,202606,BOS SG,C,USD,USD,476,105.4201681,87.1560523,2026/6/16,1,34018.75033,34018.75033,0,0,34018.75033,2026/6/1,BOS,US21873S1087,Equities,Equities,COREWEAVE CL A ORD,Equity,Equity,,CoreWeave Inc Registered-shares -A-,CoreWeave Inc;CRWV
2026/6/1,202606,BOS SG,A,USD,USD,200000,100.25,99.65490328,2026/6/16,1,232190.2119,229206.2776,2594.725504,2594.725504,232190.2119,2026/6/1,BOS,XS3307229321,Bonds,Fixed Income,OCBC   4.517 03/04/36 '31 FRN,Bond,Bond,,OVERSEA-CHINESE BANKING CORPORATION LTD OCBC 4.517 03/04/36 '31 FRN,Oversea-Chinese Banking Corporation Limited;O39.SI
2026/6/1,202606,BOS SG,C,USD,USD,1627,98.30633681,37.65603377,2026/6/16,1,49013.09355,49013.09355,0,0,49013.09355,2026/6/1,BOS,US6701002056,Equities,Equities,NOVO NORDISK A S -SPONS ADR,Equity,Equity,461641,Sponsored American Deposit Receipt Novo Nordisk A/S (Repr. 1 shs -B-) (NVO),Novo Nordisk A/S;NVO
2026/6/1,202606,BOS SG,B,USD,USD,0,0,0,,1,1045389.504,1045389.504,2159.75,2159.75,1047462.864,2026/6/1,BOS,,Deposits,,TERM DEPOSIT USD 3.40% 29/06/2026 AA26146SJQQR,TD,Spot/FX/Deposit/Loans,,,
2026/6/1,202606,BOS SG,B,USD,JPY,11026,1849.815,2239.298821,2026/6/16,160.256251,28640990.21,178719.959,0,0,178719.959,2026/6/1,BOS,JP3228600007,Equities,Equities,KANSAI ELECTRIC POWER CO INC (9503),Equity,Equity,,KANSAI ELECTRIC POWER COMPANY INCORPORATED (9503),"The Kansai Electric Power Company, Incorporated;9503.T"
2026/6/1,202606,BOS SG,B,USD,USD,0,0,0,,1,1121615.276,1121615.276,2159.74,2159.74,1123839.808,2026/6/1,BOS,,Deposits,,TERM DEPOSIT USD 3.40% 29/06/2026 AA26146QC51S,TD,Spot/FX/Deposit/Loans,,,
2026/6/1,202606,BOS SG,B,USD,SGD,340000,100,124.1871519,2026/6/16,1.2824635,337789.053,263390.7783,0,0,263390.7783,2026/6/1,BOS,XS3185387605,Equity Structured Products,Equities,"10M SGD Citi FCN - DBSM.SI, OCBC.SI",FCN,Structured Product,,,
2026/6/1,202606,BOS SG,C,USD,USD,323,130.5986068,197.6913599,2026/6/16,1,54276.16285,54276.16285,0,0,54276.16285,2026/6/1,BOS,US2193501051,Equities,Equities,CORNING INC,Equity,Equity,,Corning Inc Registered-shares,Corning Incorporated;GLW
2026/6/1,202606,BOS SG,B,USD,USD,35247.803,99.8,60.34102542,2026/6/16,1,1786586.406,1786586.406,0,0,1786586.406,2026/6/1,BOS,LU1041600773,Fixed Income Funds,Fixed Income,JPM Income Fund C Div USD-DIS,Fund,Fund,,,
2026/6/1,202606,BOS SG,A,USD,JPY,0,0,0,,160.256251,17858560,111437.5234,0,0,111437.5234,2026/6/1,BOS,,Current Accounts,,Current Accounts JPY,Cash,Cash,,,
2026/6/1,202606,BOS SG,A,USD,USD,200000,98.45,102.8063593,2026/6/16,1,179917.6078,176826.9379,3593.802197,3593.802197,179917.6078,2026/6/1,BOS,USG91139AK43,Bonds,Fixed Income,TSM    4.375 07/22/27,Bond,Bond,,TSMC Global Ltd 4.375 % 2022-22.07.2027,Taiwan Semiconductor Manufacturing Company Limited;TSM
2026/6/1,202606,BOS SG,C,USD,USD,0,0,0,,1,0,-2781.0048,0,0,-2781.0048,2026/6/1,BOS,,Equity Derivatives,,ACCU USD 307.0436 ALPHABET INC-CL C 02/11/2027 KO: 373.5147; Booster: 2X SYACDC2615400345,Equity AQ,Structured Product,,,
2026/6/1,202606,BOS SG,A,USD,USD,118,264.5262712,354.3666004,2026/6/16,1,41397.10626,41397.10626,0,0,41397.10626,2026/6/1,BOS,US91324P1021,Equities,Equities,UNITEDHEALTH GROUP INC,Equity,Equity,1078451,UNITEDHEALTH GROUP INC,UnitedHealth Group Incorporated;UNH
2026/6/1,202606,BOS SG,A,USD,USD,10204.08,9.89800158,7.262028456,2026/6/16,1,74102.31829,74102.31829,0,0,74102.31829,2026/6/1,BOS,LU1564329115,Other Funds,Multi-Asset Class and Other Investments,BGF DHI A6 USD-DIS,Fund,Fund,,BGF Dynamic High IncomeA6,
2026/6/1,202606,BOS SG,B,USD,SGD,0,0,0,,1.2824635,8640.504,6737.424,3.49,3.49,6741.612,2026/6/1,BOS,,Current Accounts,,Current Accounts SGD,Cash,Cash,,,
2026/6/1,202606,BOS SG,B,USD,USD,0,0,0,,1,1154283.682,1154283.682,2159.74,2159.74,1156573.007,2026/6/1,BOS,,Deposits,,TERM DEPOSIT USD 3.40% 29/06/2026 AA261461W7YR,TD,Spot/FX/Deposit/Loans,,,
2026/6/1,202606,BOS SG,B,USD,USD,0,0,0,,1,3295.76,3295.76,0,0,3295.76,2026/6/1,BOS,,Current Accounts,,Current Accounts USD,Cash,Cash,,,
2026/6/1,202606,BOS SG,A,USD,CHF,0,0,0,,0.795023,0,0,-4.1,-4.1,-4.1,2026/6/1,BOS,,Current Accounts,,Current Accounts CHF,Cash,Cash,,,
2026/6/1,202606,BOS SG,A,USD,USD,100000,100,80.91518446,2026/6/16,1,77678.57708,77678.57708,0,0,77678.57708,2026/6/1,BOS,XS3348956452,Equity Structured Products,Equities,"6M USD NATIXIS FCN - NVDA.OQ, TSM.N",FCN,Structured Product,,"6M USD NATIXIS FCN - NVDA.OQ, TSM.N , TSLA.OQ 271126 XS3348956452",NVIDIA Corporation;NVDA;Taiwan Semiconductor Manufacturing Company Limited;TSM;Tesla Inc;TSLA
2026/6/1,202606,BOS SG,B,USD,USD,600000,110.6,110.9242485,2026/6/16,1,654833.7723,652234.581,2652.236078,2652.236078,654833.7723,2026/6/1,BOS,US404280BL25,Bonds,Fixed Income,HSBC VAR 22112165 US404280BL25,Bond,Bond,,6% CONTINGENT CONVERTIBLE SECURITIES HSBC HOLDINGS PLC 2017-WITHOUT FIXED MATURITY GLOBAL FIXED/FLOATING RATE Duration: 16.6966 Yield to Maturity: 5.79%,HSBC Holdings plc;HSBA.L
2026/6/1,202606,BOS SG,C,USD,USD,200000,100,84.74665636,2026/6/16,1,177967.9783,177967.9783,0,0,177967.9783,2026/6/1,BOS,XS3365306102,Equity Structured Products,Equities,"5M USD NATIXIS FCN - GOOG.OQ, GLW.N",FCN,Structured Product,,,
2026/6/1,202606,BOS SG,A,USD,AUD,24850.895,10.16059985,8.517336217,2026/6/16,0.70617445,241296.306,170397.2882,0,0,170397.2882,2026/6/1,BOS,LU2044938129,Fixed Income Funds,Fixed Income,JPM Income Fund A Mth AUD Hgd-DIS,Fund,Fund,,,
2026/6/1,202606,BOS SG,C,USD,JPY,0,0,0,,160.256251,0,0,0,0,0,2026/6/1,BOS,,Current Accounts,,Current Accounts JPY,Cash,Cash,,,
2026/6/1,202606,BOS SG,C,USD,USD,200000,100,119.2773695,2026/6/10,1,252868.0232,252868.0232,0,0,252868.0232,2026/6/1,BOS,XS3365338725,Equity Structured Products,Equities,"5M USD NATIXIS FCN - NVDA.OQ, TSM.N",FCN,Structured Product,,,
2026/6/1,202606,BOS SG,A,USD,USD,368,171.3480524,375.0065422,2026/6/16,1,144902.5279,144902.5279,0,0,144902.5279,2026/6/1,BOS,US02079K1079,Equities,Equities,ALPHABET INC-CL C,Equity,Equity,,Reg.shs-C-AlphabetInc. nonvoting (GOOG) ISINUS02079K1079-股票代號GOOG,Alphabet Inc;GOOG
2026/6/1,202606,BOS SG,A,USD,EUR,200000,97.75,91.6070224,2026/6/16,1.159447,222302.1644,254912.3708,2037.758953,2362.673699,257747.5793,2026/6/1,BOS,XS1693822634,Bonds,Fixed Income,ABN    4.750 Perp     '27 FRN,Bond,Bond,38487670,300 000 4.75% ABN AMRO Bank NV 2017-Without fixed maturity Fixed/Variable Rate Interest dates: 22.09. - 2 nan Valor 38487670,ABN AMRO Bank N.V.;ABN.AS
2026/6/1,202606,BOS SG,B,USD,USD,4765.39,159.803269,185.0818181,2026/6/16,1,758508.8617,758508.8617,0,0,758508.8617,2026/6/1,BOS,IE0004810143,Money Market Funds,"Cash, Cash Equivalents and Money Market Funds",BLK ICS USD Liq Core Acc-ACC,Fund,Fund,,BlackRock ICS USD Liq Core Acc BLK,
2026/6/1,202606,BOS SG,B,USD,USD,2405.928,104.949109,127.1473732,2026/6/16,1,256962.2383,256962.2383,0,0,256962.2383,2026/6/1,BOS,IE00BMG7P587,Equity Funds,Equities,FTGF ClrBdg A US Dis(M) Plus(e)-DIS,Fund,Fund,,,
2026/6/1,202606,BOS SG,C,USD,USD,296,313.3833446,419.982171,2026/6/16,1,106910.6614,106910.6614,0,0,106910.6614,2026/6/1,BOS,US02079K1079,Equities,Equities,ALPHABET INC-CL C,Equity,Equity,,Reg.shs-C-AlphabetInc. nonvoting (GOOG) ISINUS02079K1079-股票代號GOOG,Alphabet Inc;GOOG
2026/6/1,202606,BOS SG,C,USD,USD,500000,106.25,112.0437643,2026/6/16,1,495923.5532,492992.563,3330.670759,3330.670759,495923.5532,2026/6/1,BOS,USF8500RAC63,Bonds,Fixed Income,SOGN 9.375 Perp FRN,Bond,Bond,,Societe Generale SA 9.375 % 2022-without final Maturity Convertible bond linked to R SG (Coco Bond),Société Générale Société anonyme;GLE.PA
2026/6/1,202606,BOS SG,B,USD,USD,0,0,0,,1,1219620.494,1219620.494,2159.74,2159.74,1222039.403,2026/6/1,BOS,,Deposits,,TERM DEPOSIT USD 3.40% 29/06/2026 AA261466SPQX,TD,Spot/FX/Deposit/Loans,,,
2026/6/1,202606,BOS SG,C,USD,USD,250000,100,85.74010821,2026/6/16,1,240072.303,240072.303,0,0,240072.303,2026/6/1,BOS,XS3237966299,Equity Structured Products,Equities,"5M USD OCBC FCN - MSFT.OQ, NVDA.OQ,",FCN,Structured Product,,"5M USD OCBC FCN - MSFT.OQ, NVDA.OQ, GOOGL.OQ 220626 XS3237966299",Microsoft Corporation;MSFT;NVIDIA Corporation;NVDA;Alphabet Inc;GOOGL
2026/6/1,202606,BOS SG,C,USD,USD,300000,100,85.08473731,2026/6/16,1,270569.4646,270569.4646,0,0,270569.4646,2026/6/1,BOS,XS3365283996,Equity Structured Products,Equities,"5M USD NATIXIS FCN - NVDA.OQ, AMD.O",FCN,Structured Product,,"5M USD NATIXIS FCN - NVDA.OQ, AMD.O Q, AAPL.OQ 051126 XS3365283996",NVIDIA Corporation;NVDA;Advanced Micro Devices Inc;AMD;Apple Inc;AAPL
2026/6/1,202606,BOS SG,C,USD,HKD,0,0,0,,7.833325,0,0,0,0,0,2026/6/1,BOS,,Current Accounts,,Current Accounts HKD,Cash,Cash,,,
2026/6/1,202606,BOS SG,C,USD,CHF,0,0,0,,0.795023,0,0,0,0,0,2026/6/1,BOS,,Current Accounts,,Current Accounts CHF,Cash,Cash,,,
2026/6/1,202606,BOS SG,A,USD,USD,0,0,0,,1,0,-22869.0062,0,0,-22869.0062,2026/6/1,BOS,,Equity Derivatives,,REV ACCU USD 265.7655 ALPHABET INC-CL C 03/09/2026 KO: 224.07; Booster: 2X SYACDC2524800049,Equity AQ,Structured Product,,,
2026/6/1,202606,BOS SG,C,USD,USD,200000,100,89.17573862,2026/6/16,1,142681.1818,142681.1818,0,0,142681.1818,2026/6/1,BOS,XS3362044888,Equity Structured Products,Equities,"5M USD Nomura FCN - EWJ.P, EWT.P, E",FCN,Structured Product,,"5M USD Nomura FCN - EWJ.P, EWT.P, E WY.P 031126 XS3362044888",iShares MSCI Japan ETF;EWJ;iShares MSCI Taiwan ETF;EWT;iShares MSCI South Korea ETF;EWY
2026/6/1,202606,BOS SG,B,USD,USD,163276.858,18.5,9.920761503,2026/6/16,1,1344459.534,1344459.534,0,0,1344459.534,2026/6/1,BOS,IE00BDTMQ100,Equity Funds,Equities,Wellington FinTech USD D Acc-ACC,Fund,Fund,,,
2026/6/1,202606,BOS SG,B,USD,GBP,211000,0.75760251,0.78287257,2026/6/16,1.34155095,181704.7235,243766.147,0,0,243766.147,2026/6/1,BOS,GB0008706128,Equities,Equities,LLOYDS BANKING GROUP PLC,Equity,Equity,,LLOYDS BANKING GROUP PLC,Lloyds Banking Group plc;LLOY.L
2026/6/1,202606,BOS SG,A,USD,USD,100000,100,70.53892773,2026/6/10,1,74065.87412,74065.87412,0,0,74065.87412,2026/6/1,BOS,XS3365337594,Equity Structured Products,Equities,"5M USD NATIXIS FCN - NVDA.OQ, TSM.N",FCN,Structured Product,,,
2026/6/1,202606,BOS SG,A,USD,EUR,0,0,0,,1.159447,8577.6273,9945.3024,0,0,9945.3024,2026/6/1,BOS,,Current Accounts,,Current Accounts EUR,Cash,Cash,,,
2026/6/1,202606,BOS SG,C,USD,USD,0,0,0,,1,0,-29825.532,0,0,-29825.532,2026/6/1,BOS,,Equity Derivatives,,ACCU USD 136.9707 CORNING INC 03/11/2027 KO: 208.021; Booster: 2X SYACDC2615500360,Equity AQ,Structured Product,,,
2026/6/1,202606,BOS SG,A,USD,USD,200000,100,65.23646208,2026/6/16,1,140910.7581,140910.7581,0,0,140910.7581,2026/6/1,BOS,XS3216510035,Structured Products with Other Underlyings,Multi-Asset Class and Other Investments,120M USD MS CDRAN - SOFR CMS 10Y,RAN,Structured Product,,120M USD MS CDRAN - SOFR CMS 10Y LE SS THAN OR EQUAL TO 4.60% 041135 XS 3216510035,SOFR CMS 10Y
2026/6/1,202606,BOS SG,B,USD,THB,163000,20.61579417,17.63548907,2026/6/16,32.52739999,2414651.163,74234.36973,0,0,74234.36973,2026/6/1,BOS,TH0264010R10,Equities,Equities,BANGKOK DUSIT MEDICAL SERVICES-NVDR,Equity,Equity,,,
2026/6/1,202606,BOS SG,B,USD,USD,5000,28.4172,7.382566679,2026/6/16,1,40234.9884,40234.9884,0,0,40234.9884,2026/6/1,BOS,CA09228F1036,Equities,Equities,BLACKBERRY LTD,Equity,Equity,,BLACKBERRY LTD -USD- CA09228F1036 004122-031 Last acq. Jan 2021 - Holding Period 6.2 months,BlackBerry Limited;BB.TO
2026/6/1,202606,BOS SG,B,USD,USD,225720,88.42814106,0,2026/6/16,1,0,0,0,0,0,2026/6/1,BOS,XS0466672986,Bonds,Fixed Income,WINTERHAVEN FIN FRN 300615 - DFLT,Bond,Bond,,,
2026/6/1,202606,BOS SG,B,USD,USD,500000,100.5,95.44368048,2026/6/16,1,476701.9816,472446.2184,4298.750752,4298.750752,476701.9816,2026/6/1,BOS,US037833BZ29,Bonds,Fixed Income,APPLE INC 2.45 040826 FA,Bond,Bond,,"2.45% NOTES APPLE INC 2.45% NOTES APPLE INC 2016-04.08.26 GLOBAL US037833BZ29 USD 225,000 107.5 OTC US037833BZ29 USD 225,000 107.5 OTC",Apple Inc;AAPL
2026/6/1,202606,BOS SG,A,USD,USD,100000,100,112.328835,2026/6/16,1,122438.4302,122438.4302,0,0,122438.4302,2026/6/1,BOS,XS3164293519,Equity Structured Products,Equities,"6M USD Citi FCN - MSFT.OQ, NVDA.OQ,",FCN,Structured Product,,"6M USD Citi FCN - MSFT.OQ, NVDA.OQ, TSM.N 191126 XS3164293519",Microsoft Corporation;MSFT;NVIDIA Corporation;NVDA;Taiwan Semiconductor Manufacturing Company Limited;TSM
2026/6/1,202606,BOS SG,C,USD,SGD,0,0,0,,1.2824635,0,0,0,0,0,2026/6/1,BOS,,Current Accounts,,Current Accounts SGD,Cash,Cash,,,
2026/6/1,202606,BOS SG,C,USD,USD,91,937.4725275,849.7768257,2026/6/16,1,67276.83129,67276.83129,0,0,67276.83129,2026/6/1,BOS,US55024U1097,Equities,Equities,LUMENTUM HOLDINGS INC,Equity,Equity,,LUMENTUM HOLDINGS INC,Lumentum Holdings Inc;LITE
2026/6/1,202606,BOS SG,B,USD,GBP,0,0,0,,1.34155095,26525.226,35584.9403,0,0,35584.9403,2026/6/1,BOS,,Current Accounts,,Current Accounts GBP,Cash,Cash,,,
2026/6/1,202606,BOS SG,A,USD,USD,456,405.328114,348.4766816,2026/6/16,1,174795.9035,174795.9035,0,0,174795.9035,2026/6/1,BOS,US5949181045,Equities,Equities,MICROSOFT CORPORATION,Equity,Equity,,REGISTERED SHS MICROSOFT CORP US5949181045 1000 USD 153.5 NASDAQ,Microsoft Corporation;MSFT
2026/6/1,202606,BOS SG,A,USD,USD,100000,100,69.04240996,2026/6/16,1,80089.19555,80089.19555,0,0,80089.19555,2026/6/1,BOS,XS3120801090,Equity Structured Products,Equities,"12M USD Barclays FCN - MSFT.OQ, NVD",FCN,Structured Product,,"12M USD Barclays FCN - MSFT.OQ, NVD A.OQ, GOOGL.OQ, TSM.N 280926 XS3120 801090",Microsoft Corporation;MSFT;NVIDIA Corporation;NVDA;Alphabet Inc;GOOGL;Taiwan Semiconductor Manufacturing Company Limited;TSM
2026/6/1,202606,BOS SG,A,USD,USD,0,0,0,,1,28237.1024,28237.1024,117.07,117.07,28337.7826,2026/6/1,BOS,,Current Accounts,,Current Accounts USD,Cash,Cash,,,
2026/6/1,202606,BOS SG,C,USD,USD,0,0,0,,1,295433.3865,295433.3865,69.56,69.56,295506.4245,2026/6/1,BOS,,Current Accounts,,Current Accounts USD,Cash,Cash,,,
2026/6/1,202606,BOS SG,A,USD,USD,100000,100,119.5108717,2026/6/16,1,138632.6112,138632.6112,0,0,138632.6112,2026/6/1,BOS,XS3186009299,Equity Structured Products,Equities,"12M USD NATIXIS FCN - NVDA.OQ, TSM.",FCN,Structured Product,,"12M USD NATIXIS FCN - NVDA.OQ, TSM. N, TSLA.OQ 110127 XS3186009299",NVIDIA Corporation;NVDA;Taiwan Semiconductor Manufacturing Company Limited;TSM;Tesla Inc;TSLA
2026/6/1,202606,BOS SG,A,USD,USD,100000,100,82.8710849,2026/6/16,1,86185.9283,86185.9283,0,0,86185.9283,2026/6/1,BOS,XS3361046884,Equity Structured Products,Equities,"5M USD GS FCN - MU.OQ, GOOG.OQ, AAP",FCN,Structured Product,,"5M USD GS FCN - MU.OQ, GOOG.OQ, AAP L.OQ 201026 XS3361046884",Micron Technology Inc;MU;Alphabet Inc;GOOG;Apple Inc;AAPL
2026/6/1,202606,BOS SG,C,USD,USD,18,424.3044444,459.9205642,2026/6/16,1,8361.355858,8361.355858,0,0,8361.355858,2026/6/1,BOS,US4642875235,Equity ETFs,Equities,ISHARES SEMICON ETF,ETF,Equity,SOXX,ISHARES SEMICONDUCTOR ETF SHS,iShares Semiconductor ETF;SOXX
2026/6/1,202606,BOS SG,A,USD,USD,100000,100,75.15026435,2026/6/3,1,83416.79343,83416.79343,0,0,83416.79343,2026/6/1,BOS,XS3365277675,Equity Structured Products,Equities,"6M USD NATIXIS FCN - MSFT.OQ, NVDA.",FCN,Structured Product,,,
2026/6/1,202606,BOS SG,B,USD,CNH,0,0,0,,6.7602125,0,0,0,0,0,2026/6/1,BOS,,Current Accounts,,Current Accounts CNH,Cash,Cash,,,
2026/6/1,202606,BOS SG,C,USD,USD,27,228.5118519,254.0293272,2026/6/16,1,7887.610609,7887.610609,0,0,7887.610609,2026/6/1,BOS,US0378331005,Equities,Equities,APPLE INC,Equity,Equity,908440,Reg.shs Apple Inc. Distribution: 13.05.2021 Distribution amount: USD 0.22 Valor 908440 - Symbol AAPL,Apple Inc;AAPL
2026/6/1,202606,BOS SG,C,USD,USD,0,0,0,,1,0,-75832.28,0,0,-75832.28,2026/6/1,BOS,,Equity Derivatives,,ACCU USD 487.1319 MICROSOFT CORPORATION 04/01/2027 KO: 546.076; Booster: 2X SYACDC2521700058,Equity AQ,Structured Product,,,
2026/6/1,202606,BOS SG,A,USD,USD,100000,100,118.5946842,2026/6/16,1,117408.7374,117408.7374,0,0,117408.7374,2026/6/1,BOS,XS3122484333,Equity Structured Products,Equities,"12M USD OCBC FCN - AAPL.OQ, GOOG.OQ",FCN,Structured Product,,"12M USD OCBC FCN - AAPL.OQ, GOOG.OQ , META.OQ, TSM.N 300926 XS312248433 3",Apple Inc;AAPL;Alphabet Inc;GOOG;Meta Platforms Inc;META;Taiwan Semiconductor Manufacturing Company Limited;TSM
2026/6/1,202606,BOS SG,B,USD,CAD,0,0,0,,1.400513,12510.9712,8933.1333,0,0,8933.1333,2026/6/1,BOS,,Current Accounts,,Current Accounts CAD,Cash,Cash,,,
2026/6/1,202606,BOS SG,C,USD,USD,1000000,106.388,107.305782,2026/6/16,1,1032611.662,1008674.351,25465.22515,25465.22515,1032611.662,2026/6/1,BOS,USF1067PAF39,Bonds,Fixed Income,BNP PARIBAS 8 PERP,Bond,Bond,,BNP PARIBAS SA 8%,BNP Paribas SA;BNP.PA
2026/6/1,202606,BOS SG,C,USD,USD,467,107.4282655,122.5724269,2026/6/16,1,50372.36454,50372.36454,0,0,50372.36454,2026/6/1,BOS,US38747R8271,Other ETFs,Multi-Asset Class and Other Investments,GRANITESHARES 2X LNG NVDA DAILY ETF,ETF,Equity,,GraniteShares 1.5x Long NVDA Daily ETF,GraniteShares 2x Long NVDA Daily ETF;NVDL
2026/6/1,202606,BOS SG,C,USD,CHF,0,0,0,,0.795023,-2353782.063,-2960646.506,-2515.59,-2515.59,-2963640.058,2026/6/1,BOS,,Loans,,TERM LOAN CHF 1.30% 22/06/2026 AA261383Y1NZ,TL,Spot/FX/Deposit/Loans,,,
2026/6/1,202606,BOS SG,C,USD,USD,450000,106.6388889,113.2338552,2026/6/16,1,415995.7922,412737.4021,4022.703737,4022.703737,415995.7922,2026/6/1,BOS,USH42097ES26,Bonds,Fixed Income,UBS GROUP AG 9.250 PERP,Bond,Bond,,UBS GROUP AG 9.25%,UBS Group AG;UBSG.SW
2026/6/1,202606,BOS SG,C,USD,USD,110,307.6327273,333.8006529,2026/6/16,1,41858.60187,41858.60187,0,0,41858.60187,2026/6/1,BOS,US8740391003,Equities,Equities,TAIWAN SEMICONDUCTOR MFG CO-SP ADR,Equity,Equity,TSM,TAIWAN SEMI-ADR,Taiwan Semiconductor Manufacturing Company Limited;TSM
2026/6/1,202606,BOS SG,A,USD,USD,100000,100,124.4435269,2026/6/16,1,143110.0559,143110.0559,0,0,143110.0559,2026/6/1,BOS,XS3376808104,Equity Structured Products,Equities,6M USD HSBC FCN - TSM.N 301226,FCN,Structured Product,,,
2026/6/1,202606,BOS SG,A,USD,USD,118,287.0528814,370.1097338,2026/6/16,1,51097.34985,51097.34985,0,0,51097.34985,2026/6/1,BOS,US88160R1014,Equities,Equities,TESLA MOTORS INC,Equity,Equity,,TESLA MOTORS,Tesla Inc;TSLA
2026/6/1,202606,BOS SG,C,USD,USD,150000,100,103.1142629,2026/6/11,1,142297.6828,142297.6828,0,0,142297.6828,2026/6/1,BOS,XS3344262624,Equity Structured Products,Equities,"6M USD BNPP FCN - NVDA.OQ, TSM.N, S",FCN,Structured Product,,,
2026/6/1,202606,BOS SG,C,USD,USD,156,312.8520513,487.9371887,2026/6/16,1,70789.92734,70789.92734,0,0,70789.92734,2026/6/1,BOS,US0079031078,Equities,Equities,ADVANCED MICRO DEVICES INC.,Equity,Equity,903491,Reg.shs Advanced Micro Devices (AMD),Advanced Micro Devices Inc;AMD
2026/6/1,202606,BOS SG,A,USD,USD,1060,94.29080188,78.317455,2026/6/16,1,66413.20184,66413.20184,0,0,66413.20184,2026/6/1,BOS,US64110L1061,Equities,Equities,NETFLIX INC,Equity,Equity,1413346,NETFLIX INC (U.S. SECURITY),Netflix Inc;NFLX
2026/6/1,202606,BOS SG,C,USD,USD,754.724,89.67524587,84.6221993,2026/6/16,1,53647.77906,53647.77906,0,0,53647.77906,2026/6/1,BOS,LU0117841782,Equity Funds,Equities,JPMORGAN FDS -JF GREATER CHINA FD-A,Fund,Fund,,JP MORGAN FUNDS - JF GREATER CHINA,
2026/6/1,202606,BOS SG,C,USD,USD,0,0,0,,1,0,-1481.0614,0,0,-1481.0614,2026/6/1,BOS,,Equity Derivatives,,REV ACCU USD 236.3028 APPLE INC 22/06/2026 KO: 194.1752 SYACDC2513300076,Equity AQ,Structured Product,,,
2026/6/1,202606,BOS SG,A,USD,GBP,0,0,0,,1.34155095,0,0,0,0,0,2026/6/1,BOS,,Current Accounts,,Current Accounts GBP,Cash,Cash,,,
2026/6/1,202606,BOS SG,C,USD,USD,0,0,0,,1,0,-10278.422,0,0,-10278.422,2026/6/1,BOS,,Equity Derivatives,,ACCU USD 348.1023 TAIWAN SEMICONDUCTOR MFG CO-SP ADR 02/11/2027 KO: 456.6876; Booster: 2X SYACDC2615400191,Equity AQ,Structured Product,,,
2026/6/1,202606,BOS SG,A,USD,AUD,0,0,0,,0.70617445,4883.295,3448.4549,0,0,3448.4549,2026/6/1,BOS,,Current Accounts,,Current Accounts AUD,Cash,Cash,,,
2026/6/1,202606,BOS SG,B,USD,HKD,750000,6.1,4.079268693,2026/6/16,7.833325,2631128.307,335889.0774,0,0,335889.0774,2026/6/1,BOS,CNE1000002Q2,Equities,Equities,CHINA PETROL N CHEM(SINOPEC)H (386),Equity,Equity,,China Petroleum & Chemical Corp Sinopec (386),China Petroleum & Chemical Corporation;0386.HK
2026/6/1,202606,BOS SG,B,USD,USD,0,0,0,,1,2760728.006,2760728.006,1931.37,1931.37,2762292.416,2026/6/1,BOS,,Deposits,,TERM DEPOSIT USD 3.40% 25/06/2026 AA26161548TH,TD,Spot/FX/Deposit/Loans,,,
2026/6/1,202606,BOS SG,B,USD,HKD,134974,11.58550461,4.713286729,2026/6/16,7.833325,687064.8559,87710.49615,0,0,87710.49615,2026/6/1,BOS,BMG2442N1048,Equities,Equities,COSCO SHIPPING PORTS LTD (1199),Equity,Equity,,,
2026/6/1,202606,BOS SG,A,USD,USD,100000,100,72.15205045,2026/6/16,1,82253.33751,82253.33751,0,0,82253.33751,2026/6/1,BOS,XS3361908430,Equity Structured Products,Equities,"6M USD Nomura FCN - QQQ.OQ, SOXX.OQ",FCN,Structured Product,,"6M USD Nomura FCN - QQQ.OQ, SOXX.OQ 271126 XS3361908430",Invesco QQQ Trust;QQQ;iShares Semiconductor ETF;SOXX
2026/6/1,202606,BOS SG,B,USD,USD,482.088,1052.712368,704.5342171,2026/6/16,1,312475.6892,312475.6892,0,0,312475.6892,2026/6/1,BOS,XD1253204089,Hedge Funds,Alternative Investments,BCRED-iCap C A USD-DIS,Fund,Fund,,,
2026/6/1,202606,BOS SG,A,USD,USD,100000,100,82.67521981,2026/6/15,1,86808.9808,86808.9808,0,0,86808.9808,2026/6/1,BOS,XS3384310408,Equity Structured Products,Equities,"6M USD Nomura FCN - NVDA.OQ, TSM.N,",FCN,Structured Product,,,
2026/6/1,202606,BOS SG,C,USD,USD,406,122.9226108,157.2852197,2026/6/16,1,53640.55134,53640.55134,0,0,53640.55134,2026/6/1,BOS,US25461A8412,Equity ETFs,Equities,DIREXION DAILY GOOGL BULL 2X ETF,ETF,Equity,,Direxion Daily GOOGL Bull 1.5X Shares,Direxion Daily GOOGL Bull 2X Shares;GGLL
2026/6/1,202606,BOS SG,B,USD,USD,11396.012,88.20000014,196.6332966,2026/6/16,1,1815076.676,1815076.676,0,0,1815076.676,2026/6/1,BOS,LU0129496690,Equity Funds,Equities,JPM US Technology C Acc USD-ACC,Fund,Fund,1256736-000,JPMORGAN FUNDS JPM US TECHNOLOGY FD USD ACC C,
2026/6/1,202606,BOS SG,B,USD,USD,0,0,0,,1,13237057.77,13237057.77,9535.17,9535.17,13248309.27,2026/6/1,BOS,,Deposits,,TERM DEPOSIT USD 3.40% 08/07/2026 AA261569SHLR,TD,Spot/FX/Deposit/Loans,,,
2026/6/1,202606,BOS SG,B,USD,USD,0,0,0,,1,1186952.088,1186952.088,2159.74,2159.74,1189306.205,2026/6/1,BOS,,Deposits,,TERM DEPOSIT USD 3.40% 29/06/2026 AA2614605T87,TD,Spot/FX/Deposit/Loans,,,
2026/6/1,202606,BOS SG,C,USD,USD,150000,100,116.389684,2026/6/16,1,165855.2998,165855.2998,0,0,165855.2998,2026/6/1,BOS,XS3366581281,Equity Structured Products,Equities,"4M USD BNPP FCN - AVGO.OQ, GLW.N, E",FCN,Structured Product,,"4M USD BNPP FCN - AVGO.OQ, GLW.N, E WY.P 280926 XS3366581281",Broadcom Inc;AVGO;Corning Incorporated;GLW;iShares MSCI South Korea ETF;EWY
2026/6/1,202606,BOS SG,A,USD,USD,200000,101.2,117.3664317,2026/6/16,1,264955.9642,253511.4924,10596.73318,10596.73318,264955.9642,2026/6/1,BOS,CH0558521263,Bonds,Fixed Income,UBSG   5.125 Perp     '26 FRN,Bond,Bond,,,
2026/6/1,202606,BOS SG,B,USD,USD,500000,103.7,123.1661831,2026/6/16,1,539066.1441,535772.8963,3785.342317,3785.342317,539066.1441,2026/6/1,BOS,US345397ZR75,Bonds,Fixed Income,F      5.113 05/03/29 '29,Bond,Bond,,,
2026/6/1,202606,BOS SG,C,USD,USD,368,171.3026359,191.7266497,2026/6/16,1,57855.43382,57855.43382,0,0,57855.43382,2026/6/1,BOS,US67066G1040,Equities,Equities,NVIDIA CORPORATION,Equity,Equity,NVDA,NVIDIA C,NVIDIA Corporation;NVDA
2026/6/1,202606,BOS SG,B,USD,USD,10133.77,99.66675778,73.51303739,2026/6/16,1,730064.9333,730064.9333,0,0,730064.9333,2026/6/1,BOS,LU2015339539,Fixed Income Funds,Fixed Income,JupiterDynBd L USD M Inc IRD H-DIS,Fund,Fund,,Jupiter Dynamic Bond L USD M Inc,
2026/6/1,202606,BOS SG,B,USD,USD,0,0,0,,1,892936.4334,892936.4334,2159.74,2159.74,894707.4202,2026/6/1,BOS,,Deposits,,TERM DEPOSIT USD 3.40% 29/06/2026 AA26146V0RNG,TD,Spot/FX/Deposit/Loans,,,
2026/6/1,202606,BOS SG,B,USD,CAD,410000,100,115.046364,2026/6/16,1.400513,462256.2904,330062.1247,0,0,330062.1247,2026/6/1,BOS,XS3350005016,Equity Structured Products,Equities,"9M CAD BNPP FCN - SLF.TO, MFC.TO 16",FCN,Structured Product,,"9M CAD BNPP FCN - SLF.TO, MFC.TO 16 0227 XS3350005016",Sun Life Financial Inc;SLF.TO;Manulife Financial Corporation;MFC.TO
2026/6/1,202606,BOS SG,A,USD,USD,200000,100.703,97.84321801,2026/6/16,1,226423.0352,223082.537,2930.261507,2930.261507,226423.0352,2026/6/1,BOS,XS2885079702,Bonds,Fixed Income,CTHSG  5.300 09/05/39 '34 FRN,Bond,Bond,,CATHAYLIFE SINGAPORE PTE LTD 5.3%,Cathay Singapore Pte. Ltd.;2455303D SP
2026/6/1,202606,BOS SG,B,USD,JPY,0,0,0,,160.256251,0,-19193.017,0,0,-19193.017,2026/6/1,BOS,,Equity Derivatives,,REV ACCU JPY 2149.3263 KANSAI ELECTRIC POWER CO INC (9503) 20/01/2027 KO: 1729.95; Booster: 2X SYACDC2520400257,Equity AQ,Structured Product,,,
2026/6/1,202606,BOS SG,A,USD,USD,200000,100.145,83.73622718,2026/6/16,1,169963.2593,167472.4544,2490.80494,2490.80494,169963.2593,2026/6/1,BOS,XS2888260564,Bonds,Fixed Income,NASHL  5.450 09/11/34,Bond,Bond,,NANSHAN LIFE INSURANCE (2034),Nanshan Life Pte Ltd;2471725D SP
2026/6/1,202606,BOS SG,B,USD,USD,0,0,0,,1,871157.496,871157.496,2159.74,2159.74,872885.288,2026/6/1,BOS,,Deposits,,TERM DEPOSIT USD 3.40% 29/06/2026 AA26146NRH4Q,TD,Spot/FX/Deposit/Loans,,,
2026/6/1,202606,BOS SG,B,USD,USD,0,0,0,,1,1274067.838,1274067.838,2159.74,2159.74,1276594.734,2026/6/1,BOS,,Deposits,,TERM DEPOSIT USD 3.40% 29/06/2026 AA26146RTFJD,TD,Spot/FX/Deposit/Loans,,,
2026/6/1,202606,BOS SG,C,USD,USD,0,0,0,,1,0,-19279.9224,0,0,-19279.9224,2026/6/1,BOS,,Equity Derivatives,,REV ACCU USD 220.6848 ORACLE CORPORATION 15/09/2027 KO: 154.56 SYACDC2610600144,Equity AQ,Structured Product,,,
2026/6/1,202606,BOS SG,C,USD,USD,300000,99.65,118.962489,2026/6/16,1,404721.3513,403282.8377,1273.020866,1273.020866,404721.3513,2026/6/1,BOS,USF29416AB40,Bonds,Fixed Income,EDF    5.700 05/23/28 '28,Bond,Bond,,,
2026/6/1,202606,BOS SG,B,USD,CHF,0,0,0,,0.795023,0,0,0,0,0,2026/6/1,BOS,,Current Accounts,,Current Accounts CHF,Cash,Cash,,,
2026/6/1,202606,BOS SG,A,USD,CNH,0,0,0,,6.7602125,0,0,0,0,0,2026/6/1,BOS,,Current Accounts,,Current Accounts CNH,Cash,Cash,,,
2026/6/1,202606,BOS SG,B,USD,USD,35714.29,14.1399983,16.52680787,2026/6/16,1,596145.6441,596145.6441,0,0,596145.6441,2026/6/1,BOS,LU0853555463,Fixed Income Funds,Fixed Income,JUPITER JGF-DYNAMIC BOND L USD ACC,Fund,Fund,20038471,The Jupiter Global Fund SICAV - Jupiter Dynamic Bond L--HSC-acc,
2026/6/1,202606,BOS SG,B,USD,GBP,330000,99.711,128.4603905,2026/6/16,1.34155095,402354.7852,517525.4867,18228.82695,24454.90331,539779.4488,2026/6/1,BOS,XS2587351706,Bonds,Fixed Income,GM     5.150 08/15/26 MTN,Bond,Bond,,GENERAL MOTORS FINANCIAL COMPANY INC GM 5.150 08/15/26 MTN,General Motors Company;GM
2026/6/1,202606,BOS SG,B,USD,USD,0,0,0,,1,903825.9021,903825.9021,2159.74,2159.74,905618.4863,2026/6/1,BOS,,Deposits,,TERM DEPOSIT USD 3.40% 29/06/2026 AA26146L106Y,TD,Spot/FX/Deposit/Loans,,,
2026/6/1,202606,BOS SG,B,USD,USD,0,0,0,,1,1078057.401,1078057.401,2159.74,2159.74,1080195.544,2026/6/1,BOS,,Deposits,,TERM DEPOSIT USD 3.40% 29/06/2026 AA261461VC6N,TD,Spot/FX/Deposit/Loans,,,
2026/6/1,202606,BOS SG,A,USD,USD,5882.353,17.16999982,15.01691635,2026/6/16,1,87451.45251,87451.45251,0,0,87451.45251,2026/6/1,BOS,LU1997245177,Equity Funds,Equities,Allianz China A-Shares AT(USD)-ACC,Fund,Fund,,Allianz China A-Shares AT(USD),
2026/6/1,202606,BOS SG,B,USD,USD,500000,104.471,77.81840175,2026/6/16,1,416755.3777,412437.5292,4073.441953,4073.441953,416755.3777,2026/6/1,BOS,US404280BK42,Bonds,Fixed Income,HSBC HOLDINGS PLC VAR 130328 MS,Bond,Bond,,4.041% HSBC HOLDINGS PLC NOTES GLOBAL FIXED/FLOATING RATE 2017−13.03.2028,HSBC Holdings plc;HSBA.L
2026/6/1,202606,BOS SG,B,USD,JPY,0,0,0,,160.256251,6641932.64,41445.698,0,0,41445.698,2026/6/1,BOS,,Current Accounts,,Current Accounts JPY,Cash,Cash,,,
2026/6/1,202606,BOS SG,B,USD,USD,0,0,0,,1,1121615.276,1121615.276,2159.74,2159.74,1123839.808,2026/6/1,BOS,,Deposits,,TERM DEPOSIT USD 3.40% 29/06/2026 AA26146PW91X,TD,Spot/FX/Deposit/Loans,,,
2026/6/1,202606,BOS SG,A,USD,USD,100000,100,93.91617974,2026/6/16,1,99551.15052,99551.15052,0,0,99551.15052,2026/6/1,BOS,XS3116269815,Equity Structured Products,Equities,"12M USD Nomura FCN - TSLA.OQ, NVDA.",FCN,Structured Product,,"12M USD Nomura FCN - TSLA.OQ, NVDA. OQ, AVGO.OQ 111226 XS3116269815",Tesla Inc;TSLA;NVIDIA Corporation;NVDA;Broadcom Inc;AVGO
2026/6/1,202606,BOS SG,B,USD,USD,182402.711,11,13.63995111,2026/6/16,1,2264047.296,2264047.296,0,0,2264047.296,2026/6/1,BOS,IE00BLZH2P13,Fixed Income Funds,Fixed Income,PIMCO GIS-CAPITAL SEC-II USD DIS,Fund,Fund,,,
2026/6/1,202606,BOS SG,B,USD,USD,3414.602,149.358549,230.6674846,2026/6/16,1,913659.6778,913659.6778,0,0,913659.6778,2026/6/1,BOS,VGG039453110,Hedge Funds,Alternative Investments,ANTARCTICA MLI-B USD ACC,Fund,Fund,,,
2026/6/1,202606,BOS SG,B,USD,USD,2144.68,470.9327266,421.0636307,2026/6/16,1,848863.9411,848863.9411,0,0,848863.9411,2026/6/1,BOS,LU0432979374,Equity Funds,Equities,JPMORGAN-JPM GLB HEALTHCARE-A DIS,Fund,Fund,,,
2026/6/1,202606,BOS SG,A,USD,USD,100000,100,126.6330148,2026/6/16,1,106371.7324,106371.7324,0,0,106371.7324,2026/6/1,BOS,XS3223597215,Equity Structured Products,Equities,"9M USD JPM FCN - MSFT.OQ, AMZN.OQ,",FCN,Structured Product,,"9M USD JPM FCN - MSFT.OQ, AMZN.OQ, AVGO.OQ 120826 XS3223597215",Microsoft Corporation;MSFT;Amazon.com Inc;AMZN;Broadcom Inc;AVGO
2026/6/1,202606,BOS SG,C,USD,USD,1955,250.9823018,150.1429676,2026/6/16,1,319947.1569,319947.1569,0,0,319947.1569,2026/6/1,BOS,US19260Q1076,Equities,Equities,COINBASE GLOBAL CL A ORD,Equity,Equity,,REGISTERED SHS -A-COINBASE GLOBAL INC US19260Q1076 50 USD 309.31 NASDAQ,Coinbase Global Inc;COIN
2026/6/1,202606,BOS SG,B,USD,USD,0,0,0,,1,1078058.817,1078058.817,2159.75,2159.75,1080196.97,2026/6/1,BOS,,Deposits,,TERM DEPOSIT USD 3.40% 29/06/2026 AA2614676WWS,TD,Spot/FX/Deposit/Loans,,,
2026/6/1,202606,BOS SG,A,USD,USD,100000,100,128.7022372,2026/6/16,1,135137.3491,135137.3491,0,0,135137.3491,2026/6/1,BOS,XS3365175325,Equity Structured Products,Equities,"6M USD NATIXIS FCN - TSM.N, GOOG.OQ",FCN,Structured Product,,"6M USD NATIXIS FCN - TSM.N, GOOG.OQ , AMD.OQ 021226 XS3365175325",Taiwan Semiconductor Manufacturing Company Limited;TSM;Alphabet Inc;GOOG;Advanced Micro Devices Inc;AMD
2026/6/1,202606,BOS SG,C,USD,USD,1800000,90.74,73.29921627,2026/6/16,1,1472203.045,1438130.623,31259.10262,31259.10262,1472203.045,2026/6/1,BOS,XS2577136109,Bonds,Fixed Income,SAGV   5.000 01/18/53 MTN,Bond,Bond,,KINGDOM OF SAUDI ARABIA 5 BOND 2023-18.01.2053,Saudi Arabia Government Bond
2026/6/1,202606,BOS SG,A,USD,USD,100000,100,126.5319572,2026/6/16,1,126531.9572,126531.9572,0,0,126531.9572,2026/6/1,BOS,XS3288322756,Equity Structured Products,Equities,"9M USD HSBC FCN - AAPL.OQ, NVDA.OQ,",FCN,Structured Product,,"9M USD HSBC FCN - AAPL.OQ, NVDA.OQ, META.OQ, TSM.N 010227 XS3288322756",Apple Inc;AAPL;NVIDIA Corporation;NVDA;Taiwan Semiconductor Manufacturing Company Limited;TSM;Meta Platforms Inc;META
2026/6/1,202606,BOS SG,B,USD,USD,20000,26.4,23.42505633,2026/6/16,1,552831.3295,552831.3295,0,0,552831.3295,2026/6/1,BOS,US04686J8615,Equities,Equities,ATHENE HLDG DRC REP 1 1K SRS A PRF,Equity,Equity,,,
2026/6/1,202606,BOS SG,A,USD,HKD,0,0,0,,7.833325,0,0,0,0,0,2026/6/1,BOS,,Current Accounts,,Current Accounts HKD,Cash,Cash,,,
2026/6/1,202606,BOS SG,C,USD,USD,1562,32.12804097,30.21905445,2026/6/16,1,40593.86023,40593.86023,0,0,40593.86023,2026/6/1,BOS,US46152A7422,Equity ETFs,Equities,TRADR 2X LONG CRWV DAILY ETF,ETF,Equity,,TRADR 2X LONG CRWV DAILY ETF,Tradr 2X Long CRWV Daily ETF;CWVX
2026/6/1,202606,BOS SG,B,USD,USD,2865.001,88.13260449,71.51619339,2026/6/16,1,192600.3317,192600.3317,0,0,192600.3317,2026/6/1,BOS,LU0258954444,Fixed Income Funds,Fixed Income,INVESCO US SENIOR LN FD HX USD DIS,Fund,Fund,,INVESCO US SENIOR LOAN FUND HX USD,
2026/6/1,202606,BOS SG,C,USD,USD,406,121.1079064,159.0372769,2026/6/16,1,57466.52965,57466.52965,0,0,57466.52965,2026/6/1,BOS,US4581401001,Equities,Equities,INTEL CORPORATION,Equity,Equity,,INTEL CORP,Intel Corporation;INTC
2026/6/1,202606,BOS SG,B,USD,USD,96061.479,10.4,9.490894609,2026/6/16,1,765835.8701,765835.8701,0,0,765835.8701,2026/6/1,BOS,IE00B98CPZ00,Fixed Income Funds,Fixed Income,PIMCO GIS-INCOME FD-INV INC USD DIS,Fund,Fund,,PIMCO GIS-INCOME FND-INV INC,
2026/6/1,202606,BOS SG,B,USD,USD,0,0,0,,1,1121615.276,1121615.276,2159.74,2159.74,1123839.808,2026/6/1,BOS,,Deposits,,TERM DEPOSIT USD 3.40% 29/06/2026 AA26146YWNB5,TD,Spot/FX/Deposit/Loans,,,
2026/6/1,202606,BOS SG,A,USD,USD,1450,86.26702758,79.57980912,2026/6/16,1,108467.2798,108467.2798,0,0,108467.2798,2026/6/1,BOS,US4642874329,Fixed Income ETFs,Fixed Income,ISHARES BARCLAYS 20 PLUS YEAR TR,ETF,Equity,,iShares 20+ Year Treasury Bond ETF Registered-units Management company / AIFM BlackRock Fund Advisors,iShares 20+ Year Treasury Bond ETF;TLT
2026/6/1,202606,BOS SG,B,USD,USD,0,0,0,,1,1197841.557,1197841.557,2159.74,2159.74,1200217.271,2026/6/1,BOS,,Deposits,,TERM DEPOSIT USD 3.40% 29/06/2026 AA26146ZF3JS,TD,Spot/FX/Deposit/Loans,,,
2026/6/1,202606,BOS SG,A,USD,USD,100000,100,108.6534856,2026/6/16,1,128211.113,128211.113,0,0,128211.113,2026/6/1,BOS,XS3288869368,Equity Structured Products,Equities,"6M USD HSBC FCN - TSM.N, GOOG.OQ, A",FCN,Structured Product,,"6M USD HSBC FCN - TSM.N, GOOG.OQ, A APL.OQ 021226 XS3288869368",Taiwan Semiconductor Manufacturing Company Limited;TSM;Alphabet Inc;GOOG;Apple Inc;AAPL
2026/6/1,202606,BOS SG,A,USD,USD,200000,99.45,118.5103654,2026/6/16,1,250242.2656,244131.3526,5932.925166,5932.925166,250242.2656,2026/6/1,BOS,XS1748857379,Bonds,Fixed Income,JMSON  6.675 Perp     '26 FRN,Bond,Bond,,BONDS FWD LTD 2018-WITHOUT FIXED MATURITY REG S FIXED/VARIABLE RATE Duration: 17.6604 / Rating: Moody's Ba2 Yield to Maturity: 5.43%,FWD Group Limited;1515852D KY
2026/6/1,202606,BOS SG,C,USD,USD,0,0,0,,1,0,-18555.8422,0,0,-18555.8422,2026/6/1,BOS,,Equity Derivatives,,ACCU USD 186.3664 NVIDIA CORPORATION 14/10/2027 KO: 241.3344; Booster: 2X SYACDC2613500093,Equity AQ,Structured Product,,,
2026/6/1,202606,BOS SG,A,USD,USD,100000,100,73.12972633,2026/6/16,1,58503.78106,58503.78106,0,0,58503.78106,2026/6/1,BOS,XS3365195786,Equity Structured Products,Equities,"6M USD NATIXIS FCN - SPY.P, AMZN.OQ",FCN,Structured Product,,"6M USD NATIXIS FCN - SPY.P, AMZN.OQ , TSM.N 071226 XS3365195786",State Street SPDR S&P 500 ETF Trust;SPY;Amazon.com Inc;AMZN;Taiwan Semiconductor Manufacturing Company Limited;TSM
2026/6/1,202606,BOS SG,A,USD,USD,200000,100.397,127.3781098,2026/6/16,1,250800.6564,244565.9709,6494.464106,6494.464106,250800.6564,2026/6/1,BOS,XS2852920342,Bonds,Fixed Income,CTHSG  5.950 07/05/34,Bond,Bond,,CathayLife Singapore Pte. Ltd. 5.95 % 2024-05.07.2034 Eurobond,Cathaylife Singapore Pte Ltd;2455303D SP
2026/6/1,202606,BOS SG,C,USD,USD,200000,100,109.1067387,2026/6/10,1,207302.8036,207302.8036,0,0,207302.8036,2026/6/1,BOS,XS3400918333,Equity Structured Products,Equities,"5M USD UBS FCN - GOOG.OQ, AMD.OQ, Q",FCN,Structured Product,,,
2026/6/1,202606,BOS SG,B,USD,CAD,54636.603,10.6,8.850215635,2026/6/16,1.400513,449697.5155,321094.8533,0,0,321094.8533,2026/6/1,BOS,LU1843423598,Fixed Income Funds,Fixed Income,JPM Gl Bd Opps C Dist CAD-DIS,Fund,Fund,,,
2026/6/1,202606,BOS SG,B,USD,USD,0,0,0,,1,717642.8424,717642.8424,1617.41,1617.41,719066.1632,2026/6/1,BOS,,Deposits,,TERM DEPOSIT USD 3.40% 29/06/2026 AA2614655DS2,TD,Spot/FX/Deposit/Loans,,,
2026/6/1,202606,BOS SG,B,USD,USD,0,0,0,,1,925604.8395,925604.8395,2159.74,2159.74,927440.6185,2026/6/1,BOS,,Deposits,,TERM DEPOSIT USD 3.40% 29/06/2026 AA261469YCQB,TD,Spot/FX/Deposit/Loans,,,
2026/6/1,202606,BOS SG,A,USD,USD,71,258.7607042,437.7124389,2026/6/16,1,34185.34148,34185.34148,0,0,34185.34148,2026/6/1,BOS,US8740391003,Equities,Equities,TAIWAN SEMICONDUCTOR MFG CO-SP ADR,Equity,Equity,TSM,TAIWAN SEMI-ADR,Taiwan Semiconductor Manufacturing Company Limited;TSM
2026/6/1,202606,BOS SG,A,USD,USD,100000,100,99.52112146,2026/6/16,1,90564.22053,90564.22053,0,0,90564.22053,2026/6/1,BOS,XS3292984260,Equity Structured Products,Equities,"6M USD GS FCN - NVDA.OQ, MU.OQ 1512",FCN,Structured Product,,,
2026/6/1,202606,BOS SG,C,USD,USD,0,0,0,,1,0,809.6814,0,0,809.6814,2026/6/1,BOS,,Equity Derivatives,,REV ACCU USD 417.4224 MICROSOFT CORPORATION 14/07/2026 KO: 338.56 SYACDC2509900024,Equity AQ,Structured Product,,,
2026/6/1,202606,BOS SG,B,USD,XAU,0,0,0,,4333.004298,1240.04,5373098.644,0,0,5373098.644,2026/6/1,BOS,,Commodities - Bullion Balances,,,Precious Metal,Spot/FX/Deposit/Loans,,,
2026/6/1,202606,BOS SG,B,USD,USD,0,0,0,,1,1306736.244,1306736.244,2159.74,2159.74,1309327.932,2026/6/1,BOS,,Deposits,,TERM DEPOSIT USD 3.40% 29/06/2026 AA26146WV2HQ,TD,Spot/FX/Deposit/Loans,,,
2026/6/1,202606,BOS SG,C,USD,USD,250000,100,114.365506,2026/6/16,1,237308.425,237308.425,0,0,237308.425,2026/6/1,BOS,XS3237969046,Equity Structured Products,Equities,"6M USD OCBC FCN - TSM.N, MSFT.OQ, G",FCN,Structured Product,,"6M USD OCBC FCN - TSM.N, MSFT.OQ, G OOGL.OQ 200726 XS3237969046",Taiwan Semiconductor Manufacturing Company Limited;TSM;Microsoft Corporation;MSFT;Alphabet Inc;GOOGL
2026/6/1,202606,BOS SG,A,USD,AUD,24735.426,7.89112991,5.730799394,2026/6/16,0.70617445,116238.0867,82084.36652,0,0,82084.36652,2026/6/1,BOS,LU0820562030,Other Funds,Multi-Asset Class and Other Investments,ALLIANZ INCOME N GRW-AM-H2AUD DIS,Fund,Fund,,ALLIANZ GLOBAL INVESTORS FUND -,
2026/6/1,202606,BOS SG,C,USD,USD,0,0,0,,1,0,-17777.9385,0,0,-17777.9385,2026/6/1,BOS,,Equity Derivatives,,ACCU USD 336.0972 ALPHABET INC-CL C 14/10/2027 KO: 407.9426; Booster: 2X SYACDC2613500229,Equity AQ,Structured Product,,,
2026/6/1,202606,JB HK,A,USD,USD,7295.505,13.7,6.905796155,2026/6/15,1,50885.08426,50885.08426,0,0,50885.08426,2026/6/1,JB,LU0170475585,Bond funds,BONDS FUNDS,FRANKLIN TEMPLETON INVESTMENT FUNDS SICAV - TEMPLETON GLOBAL TOTAL RETURN FUND SHS -A (MDIS)- DISTRIBUTION,Bond,Bond,,,
2026/6/1,202606,JB HK,A,USD,USD,400000,69.54,70.31423145,2026/6/15,1,272819.218,272819.218,3187.968453,3187.968453,275911.5475,2026/6/1,JB,US594918CE21,Bonds and notes,BONDS AND NOTES,MICROSOFT CORP 2.921  BOND 2021-17.03.2052,Bond,Bond,110336115,0 Instrument Microsoft Corp 2.921 % 2021-17.03.2052 Global Bond,Microsoft Corporation;MSFT
2026/6/1,202606,JB HK,A,USD,USD,400000,61.449,53.7232255,2026/6/15,1,244977.9083,244977.9083,3240.479979,3240.479979,248672.0555,2026/6/1,JB,US037833EA41,Bonds and notes,BONDS AND NOTES,APPLE INC 2.55  BOND 2020-20.08.2060,Bond,Bond,56592633,0 Instrument Apple Inc 2.55 % 2020-20.08.2060 Global Bond,Apple Inc;AAPL
2026/6/1,202606,JB HK,A,USD,CAD,0,0,0,,0.714968,0,0,0,0,0,2026/6/1,JB,,Cash,CURRENT ACCOUNTS,CAD CURRENT ACCOUNTS HK99866409-01-CAD01,Cash,Cash,,,
2026/6/1,202606,JB HK,C,USD,CAD,0,0,0,,0.714968,0,0,0,0,0,2026/6/1,JB,,Cash,CURRENT ACCOUNTS,CAD CURRENT ACCOUNTS HK99886029-01-CAD01,Cash,Cash,,,
2026/6/1,202606,JB HK,C,USD,NZD,0,0,0,,0.583643,0,0,0,0,0,2026/6/1,JB,,Cash,CURRENT ACCOUNTS,NZD CURRENT ACCOUNTS HK99886029-01-NZD01,Cash,Cash,,,
2026/6/1,202606,JB HK,C,USD,USD,300000,100,115.1279903,2026/6/15,1,393737.7268,393737.7268,0,0,393737.7268,2026/6/1,JB,XS3342852434,Structured products with equity underlying,STRUCTURED PRODUCTS WITH EQUITY UNDERLYING / YIELD- OPTIMIZATION,"NATIXIS-CALLABLE FIXED COUPON NOTE GOOG NVDA MU 15.35% 21.09.2026 KI: 191.1042, 116.5804, 276.4391",FCN,Structured Product,,"NATIXIS-CALLABLE FIXED COUPON NOTE GOOG NVDA MU 15.35% 21.09.2026 KI: 191.1042, 116.5804, 276.4391",Alphabet Inc;GOOG;NVIDIA Corporation;NVDA;Micron Technology Inc;MU
2026/6/1,202606,JB HK,C,USD,CHF,0,0,0,,1.260589,0,0,0,0,0,2026/6/1,JB,,Cash,CURRENT ACCOUNTS,CHF CURRENT ACCOUNTS HK99886029-01-CHF01,Cash,Cash,,,
2026/6/1,202606,JB HK,A,USD,JPY,0,0,0,,0.006234,0,0,0,0,0,2026/6/1,JB,,Cash,CURRENT ACCOUNTS,JPY CURRENT ACCOUNTS HK99866409-01-JPY01,Cash,Cash,,,
2026/6/1,202606,JB HK,C,USD,USD,300000,100,99.68175165,2026/6/12,1,251198.0142,251198.0142,0,0,251198.0142,2026/6/1,JB,XS3352399201,Structured products with equity underlying,STRUCTURED PRODUCTS WITH EQUITY UNDERLYING / YIELD- OPTIMIZATION,"CSI FINANCIAL PRODUCTS LTD 15.35 % FCN 2026-16.09.2026 AVGO VRT TSM STK: 275.8866, 209.1797, 269.8889",FCN,Structured Product,,"CSI FINANCIAL PRODUCTS LTD 15.35 % FCN 2026-16.09.2026 AVGO VRT TSM STK: 275.8866, 209.1797, 269.8889",Broadcom Inc;AVGO;Vertiv Holdings Co;VRT;Taiwan Semiconductor Manufacturing Company Limited;TSM
2026/6/1,202606,JB HK,B,USD,USD,453964.8,0,0,,1,399489.024,399489.024,3010.03,3010.03,402137.8504,2026/6/1,JB,,Short-Term Investments,CALL DEPOSITS,CALL DEPOSITS CONTRACT 21003-MM241068JWJJ,TD,Spot/FX/Deposit/Loans,,,
2026/6/1,202606,JB HK,C,USD,GBP,0,0,0,,1.342761,0,0,0,0,0,2026/6/1,JB,,Cash,CURRENT ACCOUNTS,GBP CURRENT ACCOUNTS HK99886029-01-GBP01,Cash,Cash,,,
2026/6/1,202606,JB HK,C,USD,USD,300000,100,70.77885879,2026/6/15,1,203843.1133,203843.1133,0,0,203843.1133,2026/6/1,JB,CH1568580513,Structured products with equity underlying,STRUCTURED PRODUCTS WITH EQUITY UNDERLYING / YIELD- OPTIMIZATION,"VONTOBEL FINANCIAL PRODUCTS LTD 15.5 % FCN 2026-16.09.2026 AVGO AMAT NVDA STK: 331.952, 338.3013, 160.6737",FCN,Structured Product,,,
2026/6/1,202606,JB HK,C,USD,USD,3.745,17441.87717,18713.56104,2026/6/15,1,72885.5817,72885.5817,0,0,72885.5817,2026/6/1,JB,LU0088277610,Short-Term Investments,MONEY MARKET FUNDS,JPMORGAN LIQUIDITY FUNDS SICAV - USD STANDARD MONEY MARKET VNAV FUND SHS -C (ACC.)- CAPITALISATION,Fund,Fund,,JPMORGAN LIQUIDITY FUNDS SICAV - USD STANDARD MONEY MARKET VNAV FUND SHS -C (ACC.)- CAPITALISATION,
2026/6/1,202606,JB HK,A,USD,GBP,0,0,0,,1.342761,0,0,0,0,0,2026/6/1,JB,,Cash,CURRENT ACCOUNTS,GBP CURRENT ACCOUNTS HK99866409-01-GBP01,Cash,Cash,,,
2026/6/1,202606,JB HK,C,USD,SGD,0,0,0,,0.7801,0,0,0,0,0,2026/6/1,JB,,Cash,CURRENT ACCOUNTS,SGD CURRENT ACCOUNTS HK99886029-01-SGD01,Cash,Cash,,,
2026/6/1,202606,JB HK,C,USD,USD,1600,63.8175,65.85408606,2026/6/15,1,114849.5261,114849.5261,0,0,114849.5261,2026/6/1,JB,US77926X3200,Equity funds and equity index funds,EQUITY FUNDS & EQUITY INDEX FUNDS,ROUNDHILL MEMORY ETF SHS (DRAM),ETF,Equity,DRAM,ROUNDHILL MEMORY ETF,Roundhill Memory ETF;DRAM
2026/6/1,202606,JB HK,B,USD,NZD,0,0,0,,0.583643,0,0,0,0,0,2026/6/1,JB,,Cash,CURRENT ACCOUNTS,NZD CURRENT ACCOUNTS HK09835318-01-NZD01,Cash,Cash,,,
2026/6/1,202606,JB HK,C,USD,USD,300000,100,83.9875215,2026/6/12,1,264560.6927,264560.6927,0,0,264560.6927,2026/6/1,JB,XS3355524748,Structured products with equity underlying,STRUCTURED PRODUCTS WITH EQUITY UNDERLYING / YIELD- OPTIMIZATION,"CSI FINANCIAL PRODUCTS LTD 15.5 % FCN 2026-18.09.2026 GOOG VRT AMAT STK: 253.4091, 234.0288, 334.8367",FCN,Structured Product,,,
2026/6/1,202606,JB HK,B,USD,CNH,9200,105.1431,137.5337348,2026/6/15,0.147989,1391839.349,205976.9135,0,0,205976.9135,2026/6/1,JB,LU1238072513,Equity funds and equity index funds,EQUITY FUNDS & EQUITY INDEX FUNDS,AB SICAV I SICAV - CHINA A SHARES EQUITY PORTFOLIO SHS -A- CAPITALISATION,Fund,Fund,,,
2026/6/1,202606,JB HK,C,USD,USD,2004,0,0,2026/6/16,1,-15927.01,-15927.01,0,0,-15927.01,2026/6/1,JB,,Options,STOCK OPTIONS (TRADED & OTC),EQUITY ACCUMULATOR WITH GUARANTEE AND LEVERAGE (REF: KODA101094067) ON TAIWAN SEMI SP ADR STRIKE: 330.15660000 KO: 465.3838 EXPIRY DATE: 30.05.2028 DELIVERY DATE: 31.05.2028,Option,Structured Product,,,
2026/6/1,202606,JB HK,B,USD,HKD,6000,16.458928,7.202599895,2026/6/15,0.127651,51426.55211,6564.650804,0,0,6564.650804,2026/6/1,JB,CNE100006V65,Equities,EQUITIES,CHINA TOWER CORPORATION LIMITED REGISTERED SHS -H- UNITARY (788),Equity,Equity,,,
2026/6/1,202606,JB HK,B,USD,SGD,11004.15,0,0,,0.7801,9023.405714,7039.1588,0,0,7039.1588,2026/6/1,JB,,Cash,CURRENT ACCOUNTS,SGD CURRENT ACCOUNTS HK09835318-01-SGD01,Cash,Cash,,,
2026/6/1,202606,JB HK,C,USD,USD,300000,100,96.897875,2026/6/15,1,232554.9,232554.9,0,0,232554.9,2026/6/1,JB,XS3381647349,Structured products with equity underlying,STRUCTURED PRODUCTS WITH EQUITY UNDERLYING / YIELD- OPTIMIZATION,"UBS AG, LONDON BRANCH 15.5 % FCN 2026-15.09.2026 GOOG AVGO MU STK: 227.0932, 249.3465, 548.6458",FCN,Structured Product,,"UBS AG, LONDON BRANCH 300'000 15.5 % FCN2026-15.09.2026 GOOG AVGO MU STK: 227.0932, 249.3465, 548.6458",Alphabet Inc;GOOG;Broadcom Inc;AVGO;Micron Technology Inc;MU
2026/6/1,202606,JB HK,B,USD,HKD,2850,76.721337,105.3968507,2026/6/15,0.127651,309392.5749,39494.27158,0,0,39494.27158,2026/6/1,JB,CNE100000296,Equities,EQUITIES,BYD COMPANY LTD REGISTERED SHS -H- (1211),Equity,Equity,1459145,Reg.shs -H- BYD Co. Ltd,BYD Company Limited;1211.HK
2026/6/1,202606,JB HK,B,USD,CHF,57950.16,0,0,,1.260589,67801.6647,85470.0327,0,0,85470.0327,2026/6/1,JB,,Cash,CURRENT ACCOUNTS,CHF CURRENT ACCOUNTS HK09835318-01-CHF01,Cash,Cash,,,
2026/6/1,202606,JB HK,B,USD,USD,900,114.821256,280.6453273,2026/6/12,1,242477.5628,242477.5628,0,0,242477.5628,2026/6/1,JB,LU2145465584,Equity funds and equity index funds,EQUITY FUNDS & EQUITY INDEX FUNDS,ROBECO CAPITAL GROWTH FUNDS SICAV - ROBECO SMART MOBILITY SHS -D USD- CAPITALISATION,Fund,Fund,,Robeco Capital Growth Funds SICAV - RobecoSAM Smart Mobility Equities Registered-units -D- / Class USD Management company / AIFM Robeco Institutional Asset Management B.V.,
2026/6/1,202606,JB HK,B,USD,USD,500,333.3167,495.6165306,2026/6/15,1,247808.2653,247808.2653,0,0,247808.2653,2026/6/1,JB,US46120E6023,Equities,EQUITIES,INTUITIVE SURGICAL INC REGISTERED SHS (ISRG),Equity,Equity,0ISRG,REGISTERED SHS INTUITIVE SURGICAL INC US46120E6023 100 USD 511 NASDAQ,Intuitive Surgical Inc;ISRG
2026/6/1,202606,JB HK,C,USD,USD,300000,100,69.61500836,2026/6/15,1,187960.5226,187960.5226,0,0,187960.5226,2026/6/1,JB,XS3361786737,Structured products with equity underlying,STRUCTURED PRODUCTS WITH EQUITY UNDERLYING / YIELD- OPTIMIZATION,"NOMURA-CALLABLE FIXED COUPON NOTE NVDA AVGO VRT 15.3% 23.09.2026 KI: 127.0276, 249.1769, 206.2071",FCN,Structured Product,,"NOMURA-CALLABLE FIXED COUPON NOTE NVDA AVGO VRT 15.3% 23.09.2026 KI: 127.0276, 249.1769, 206.2071",NVIDIA Corporation;NVDA;Broadcom Inc;AVGO;Vertiv Holdings Co;VRT
2026/6/1,202606,JB HK,C,USD,USD,-284288.71,0,0,,1,-298503.1455,-298503.1455,-85.91,-85.91,-298593.351,2026/6/1,JB,,Cash,CURRENT ACCOUNTS,USD CURRENT ACCOUNTS HK99886029-01-USD01,Cash,Cash,,,
2026/6/1,202606,JB HK,A,USD,USD,195970.2,0,0,,1,229285.134,229285.134,0,0,229285.134,2026/6/1,JB,,Cash,CURRENT ACCOUNTS,USD CURRENT ACCOUNTS HK99866409-01-USD01,Cash,Cash,,,
2026/6/1,202606,JB HK,A,USD,USD,9315.353,4.657,12.26808223,2026/6/15,1,123424.0368,123424.0368,0,0,123424.0368,2026/6/1,JB,LU1997245177,Equity funds and equity index funds,EQUITY FUNDS & EQUITY INDEX FUNDS,ALLIANZ GLOBAL INVESTORS FUND SICAV - ALLIANZ CHINA A-SHARES SHS -AT(USD)- CAPITALISATION,Fund,Fund,,Allianz China A-Shares AT(USD),
2026/6/1,202606,JB HK,A,USD,USD,9233.61,10.83,9.548788426,2026/6/15,1,94341.67228,94341.67228,0,0,94341.67228,2026/6/1,JB,IE0032158457,Bond funds,BONDS FUNDS,BARINGS UMBRELLA FUND PLC - BARINGS DEVELOPED AND EMERGING MARKETS HIGH YIELD BOND FUND MONTHLY DIVIDEND UNITS USD TRANCHE,Fund,Fund,,Barings Global Umbrella Fund - Developed and EM High Yield Bd A--monthly-dividend,
2026/6/1,202606,JB HK,A,USD,USD,58676.53,0,0,,1,49288.2852,49288.2852,389.05,389.05,49615.0872,2026/6/1,JB,,Short-Term Investments,CALL DEPOSITS,CALL DEPOSITS CONTRACT 21003-MM232625KL1N,TD,Spot/FX/Deposit/Loans,,,
2026/6/1,202606,JB HK,B,USD,USD,320628.33,0,0,,1,266121.5139,266121.5139,0,0,266121.5139,2026/6/1,JB,,Cash,CURRENT ACCOUNTS,USD CURRENT ACCOUNTS HK09835318-01-USD01,Cash,Cash,,,
2026/6/1,202606,JB HK,A,USD,EUR,0,0,0,,1.16075,0,0,0,0,0,2026/6/1,JB,,Cash,CURRENT ACCOUNTS,EUR CURRENT ACCOUNTS HK99866409-01-EUR01,Cash,Cash,,,
2026/6/1,202606,JB HK,B,USD,SGD,4580,2.432876,2.096529258,2026/6/15,0.7801,10946.40469,8539.2903,0,0,8539.2903,2026/6/1,JB,SGXE34184239,Equities,EQUITIES,SEATRIUM LIMITED REGISTERED SHS (5E2),Equity,Equity,,,
2026/6/1,202606,JB HK,B,USD,USD,3391,114.275515,580.3215056,2026/6/15,1,1712047.096,1712047.096,0,0,1712047.096,2026/6/1,JB,US0079031078,Equities,EQUITIES,ADVANCED MICRO DEVICES INC REGISTERED SHS (AMD),Equity,Equity,903491,Reg.shs Advanced Micro Devices (AMD),Advanced Micro Devices Inc;AMD
2026/6/1,202606,JB HK,C,USD,USD,2004,0,0,2026/6/16,1,-8958.2232,-8958.2232,0,0,-8958.2232,2026/6/1,JB,,Options,STOCK OPTIONS (TRADED & OTC),EQUITY ACCUMULATOR WITH GUARANTEE AND LEVERAGE (REF: KODA101094739) ON BROADCOM RG STRIKE: 290.30420000 KO: 414.2131 EXPIRY DATE: 02.06.2028 DELIVERY DATE: 05.06.2028,Option,Structured Product,,,
2026/6/1,202606,JB HK,B,USD,SGD,1493,0.349471,0.810472059,2026/6/15,0.7801,1210.039295,943.9516541,0,0,943.9516541,2026/6/1,JB,SG1T22929874,Equities,EQUITIES,KEPPEL REIT UNITS REAL ESTATE INVESTMENT TRUST (K71U),Fund,Fund,,,
2026/6/1,202606,JB HK,C,USD,JPY,0,0,0,,0.006234,0,0,0,0,0,2026/6/1,JB,,Cash,CURRENT ACCOUNTS,JPY CURRENT ACCOUNTS HK99886029-01-JPY01,Cash,Cash,,,
2026/6/1,202606,JB HK,A,USD,CNH,0,0,0,,0.147989,0,0,0,0,0,2026/6/1,JB,,Cash,CURRENT ACCOUNTS,CNH CURRENT ACCOUNTS HK99866409-01-CNH01,Cash,Cash,,,
2026/6/1,202606,JB HK,B,USD,AUD,0,0,0,,0.707753,0,0,0,0,0,2026/6/1,JB,,Cash,CURRENT ACCOUNTS,AUD CURRENT ACCOUNTS HK09835318-01-AUD01,Cash,Cash,,,
2026/6/1,202606,JB HK,B,USD,CNH,159486.39,0,0,,0.147989,169055.3487,25018.332,0,0,25018.332,2026/6/1,JB,,Cash,CURRENT ACCOUNTS,CNH CURRENT ACCOUNTS HK09835318-01-CNH01,Cash,Cash,,,
2026/6/1,202606,JB HK,C,USD,USD,377,294.004536,409.9788843,2026/6/15,1,168472.6229,168472.6229,0,0,168472.6229,2026/6/1,JB,US02079K1079,Equities,EQUITIES,ALPHABET INC REGISTERED SHS -C- NON-VOTING (GOOG),Equity,Equity,,Reg.shs-C-AlphabetInc. nonvoting (GOOG) ISINUS02079K1079-股票代號GOOG,Alphabet Inc;GOOG
2026/6/1,202606,JB HK,B,USD,EUR,2650,69.4748,30.89901512,2026/6/15,1.16075,87614.15838,101698.1343,0,0,101698.1343,2026/6/1,JB,DE000PAH0038,Equities,EQUITIES,PORSCHE AUTOMOBIL HOLDING SE VORZ-INHABER-AKT STIMMRECHTSLOS (PAH3),Equity,Equity,,Porsche Automobil Holding SE Bearer-preferred-shares,Porsche Automobil Holding SE;PAH3.DE
2026/6/1,202606,JB HK,C,USD,USD,75,677.772,560.1888575,2026/6/15,1,39073.17281,39073.17281,0,0,39073.17281,2026/6/1,JB,US30303M1027,Equities,EQUITIES,META PLATFORMS INC REGISTERED SHS -A- (META),Equity,Equity,,FACEBOOK INC - A,Meta Platforms Inc;META
2026/6/1,202606,JB HK,B,USD,USD,380,121.559,262.7761179,2026/6/15,1,93863.62932,93863.62932,0,0,93863.62932,2026/6/1,JB,US02079K3059,Equities,EQUITIES,ALPHABET INC REGISTERED SHS -A- (GOOGL),Equity,Equity,,Reg.shs -A- Alphabet Inc. (GOOGL),Alphabet Inc;GOOGL
2026/6/1,202606,JB HK,B,USD,HKD,2800,61.874489,53.48709414,2026/6/15,0.127651,140778.0943,17970.46451,0,0,17970.46451,2026/6/1,JB,CNE1000031W9,Equities,EQUITIES,"GANFENG LITHIUM GROUP CO., LTD REGISTERED SHS -H- UNITARY 144A REG S (1772)",Equity,Equity,43894847,"Reg.shs -H- Ganfeng Lithium Co., Ltd. Unitary 144A/Reg S (1772) 1772",Ganfeng Lithium Co Ltd;1772.HK
2026/6/1,202606,JB HK,C,USD,USD,540,187.777556,201.5165878,2026/6/15,1,108818.9574,108818.9574,0,0,108818.9574,2026/6/1,JB,US67066G1040,Equities,EQUITIES,NVIDIA CORP REGISTERED SHS (NVDA),Equity,Equity,NVDA,NVIDIA C,NVIDIA Corporation;NVDA
2026/6/1,202606,JB HK,B,USD,HKD,63703.74,0,0,,0.127651,62429.69503,7969.213,0,0,7969.213,2026/6/1,JB,,Cash,CURRENT ACCOUNTS,HKD CURRENT ACCOUNTS HK09835318-01-HKD01,Cash,Cash,,,
2026/6/1,202606,JB HK,C,USD,USD,420,311.991548,393.9105034,2026/6/15,1,188604.349,188604.349,0,0,188604.349,2026/6/1,JB,US11135F1012,Equities,EQUITIES,BROADCOM INC REGISTERED SHS (AVGO),Equity,Equity,,REGISTERED SHS BROADCOM INC US11135F1012 1000 USD 370.7156 NASDAQ,Broadcom Inc;AVGO
2026/6/1,202606,JB HK,B,USD,HKD,20000,7.41907,5.292167058,2026/6/15,0.127651,105843.3646,13511.01134,0,0,13511.01134,2026/6/1,JB,HK0000642568,Equity funds and equity index funds,EQUITY FUNDS & EQUITY INDEX FUNDS,CSOP ETF SERIES - CSOP HANG SENG TECH INDEX ETF SHS (3033),ETF,Equity,,SHS CSOP ETF SERIES - CSOP HANG SENG TECH INDEX ETF,CSOP Hang Seng TECH Index ETF;3033.HK
2026/6/1,202606,JB HK,B,USD,HKD,92000,4.24514,6.83041651,2026/6/15,0.127651,565558.6004,72194.1209,0,0,72194.1209,2026/6/1,JB,CNE1000001Z5,Equities,EQUITIES,BANK OF CHINA LTD SHS -H- (3988),Equity,Equity,,Bank of China Ltd (3988),Bank of China Limited;3988.HK
2026/6/1,202606,JB HK,B,USD,EUR,13715.88,0,0,,1.16075,11932.81731,13851.0177,0,0,13851.0177,2026/6/1,JB,,Cash,CURRENT ACCOUNTS,EUR CURRENT ACCOUNTS HK09835318-01-EUR01,Cash,Cash,,,
2026/6/1,202606,JB HK,A,USD,NZD,0,0,0,,0.583643,0,0,0,0,0,2026/6/1,JB,,Cash,CURRENT ACCOUNTS,NZD CURRENT ACCOUNTS HK99866409-01-NZD01,Cash,Cash,,,
2026/6/1,202606,JB HK,B,USD,CNH,2000,158.16152,61.3894396,2026/6/15,0.147989,112956.3861,16716.30262,0,0,16716.30262,2026/6/1,JB,CNE000000VQ8,Equities,EQUITIES,WULIANGYE YIBIN CO LTD REGISTERED SHS -A- (000858),Equity,Equity,,WULIANGYE YIBIN CO LTD REGISTERED SHS -A- (000858 HK) nan,Wuliangye Yibin Co Ltd;000858.SZ
2026/6/1,202606,JB HK,A,USD,CHF,0,0,0,,1.260589,0,0,0,0,0,2026/6/1,JB,,Cash,CURRENT ACCOUNTS,CHF CURRENT ACCOUNTS HK99866409-01-CHF01,Cash,Cash,,,
2026/6/1,202606,JB HK,C,USD,AUD,0,0,0,,0.707753,0,0,0,0,0,2026/6/1,JB,,Cash,CURRENT ACCOUNTS,AUD CURRENT ACCOUNTS HK99886029-01-AUD01,Cash,Cash,,,
2026/6/1,202606,JB HK,B,USD,GBP,87053,0,0,,1.342761,93146.73125,125073.798,0,0,125073.798,2026/6/1,JB,,Cash,CURRENT ACCOUNTS,GBP CURRENT ACCOUNTS HK09835318-01-GBP01,Cash,Cash,,,
2026/6/1,202606,JB HK,B,USD,HKD,176,355.408068,98.2461692,2026/6/15,0.127651,14005.97499,1787.876714,0,0,1787.876714,2026/6/1,JB,KYG8208B1014,Equities,EQUITIES,JD.COM INC REGISTERED SHS -A- REG S (9618),Equity,Equity,55256713,"Reg.shs-A-JD.com,Inc. RegS (9618) 交易編號55256713-股票代號9618",JD.com Inc;9618.HK
2026/6/1,202606,JB HK,A,USD,HKD,100000,3.59,5.914174847,2026/6/15,0.127651,555932.6022,70965.3526,0,0,70965.3526,2026/6/1,JB,CNE1000001Z5,Equities,EQUITIES,BANK OF CHINA LTD SHS -H- (3988),Equity,Equity,,Bank of China Ltd (3988),Bank of China Limited;3988.HK
2026/6/1,202606,JB HK,B,USD,JPY,42808520,0,0,,0.006234,43666229.45,272215.2744,0,0,272215.2744,2026/6/1,JB,,Cash,CURRENT ACCOUNTS,JPY CURRENT ACCOUNTS HK09835318-01-JPY01,Cash,Cash,,,
2026/6/1,202606,JB HK,C,USD,USD,300000,100,72.96444389,2026/6/15,1,232026.9316,232026.9316,0,0,232026.9316,2026/6/1,JB,XS3312826186,Structured products with equity underlying,STRUCTURED PRODUCTS WITH EQUITY UNDERLYING / YIELD- OPTIMIZATION,"NOMURA-CALLABLE FIXED COUPON NOTE VRT TSM CEG 15.3% 02.09.2026 KI: 181.9833, 226.4289, 177.4583",FCN,Structured Product,,"NOMURA-CALLABLE FIXED COUPON NOTE VRT TSM CEG 15.3% 02.09.2026 KI: 181.9833, 226.4289, 177.4583",Vertiv Holdings Co;VRT;Taiwan Semiconductor Manufacturing Company Limited;TSM;Constellation Energy Corporation;CEG
2026/6/1,202606,JB HK,A,USD,USD,969.649,103.129999,94.74396946,2026/6/12,1,81762.87239,81762.87239,0,0,81762.87239,2026/6/1,JB,LU0937166394,Bond funds,BONDS FUNDS,UBS (LUX) BOND FUND FCP - EURO HIGH YIELD (EUR) UNITS -(USD HEDGED) P-MDIST- DISTRIBUTION,Fund,Fund,,UBS (Lux) Bond Fund - Euro High Yield (EUR) (USD hedged) P-mdist,
2026/6/1,202606,JB HK,C,USD,EUR,0,0,0,,1.16075,0,0,0,0,0,2026/6/1,JB,,Cash,CURRENT ACCOUNTS,EUR CURRENT ACCOUNTS HK99886029-01-EUR01,Cash,Cash,,,
2026/6/1,202606,JB HK,B,USD,CAD,0,0,0,,0.714968,0,0,0,0,0,2026/6/1,JB,,Cash,CURRENT ACCOUNTS,CAD CURRENT ACCOUNTS HK09835318-01-CAD01,Cash,Cash,,,
2026/6/1,202606,JB HK,C,USD,USD,1968,0,0,2026/6/16,1,-17678.676,-17678.676,0,0,-17678.676,2026/6/1,JB,,Options,STOCK OPTIONS (TRADED & OTC),EQUITY ACCUMULATOR WITH GUARANTEE AND LEVERAGE (REF: KODA101093662) ON TAIWAN SEMI SP ADR STRIKE: 330.32720000 KO: 460.4321 EXPIRY DATE: 30.05.2028 DELIVERY DATE: 31.05.2028,Option,Structured Product,,,
2026/6/1,202606,JB HK,C,USD,USD,300000,100,84.07792923,2026/6/15,1,227010.4089,227010.4089,0,0,227010.4089,2026/6/1,JB,XS3384472729,Other structured products,OTHER STRUCTURED PRODUCTS,NOMURA-FCN 15.5% 24.09.2026 GOOG MU VRT KI:182.9122 452.3952 152.1968,FCN,Structured Product,,,
2026/6/1,202606,JB HK,A,USD,USD,9624,36.36,56.64339707,2026/6/12,1,643260.543,643260.543,0,0,643260.543,2026/6/1,JB,BMG0122Q1087,Non Traditional Funds & similar positions,NON TRADITIONAL FUNDS,MAN AHL DIVERSIFIED FUTURES LTD SHS -B-,Fund,Fund,,,
2026/6/1,202606,JB HK,C,USD,USD,778806.88,0,0,,1,685350.0544,685350.0544,960.73,960.73,686195.4968,2026/6/1,JB,,Short-Term Investments,CALL DEPOSITS,CALL DEPOSITS CONTRACT 21003-MM26149CCX0Q,TD,Spot/FX/Deposit/Loans,,,
2026/6/1,202606,JB HK,B,USD,USD,399,678.995664,1706.062064,2026/6/15,1,564996.5738,564996.5738,0,0,564996.5738,2026/6/1,JB,USN070592100,Equities,EQUITIES,ASML HOLDING NV NY REGISTERED SHS SPONSORED AMERICAN DEPOSITARY RECEIPT REPR 1 SH (ASML),Equity,Equity,20085930,NYReg.shsASMLHoldingNV (ASML) 分派:12.05.2021 分派金額:USD 1.869688 交易編號20085930-股票代號ASML,ASML Holding N.V.;ASML
2026/6/1,202606,JB HK,A,USD,USD,3028.468,32.999999,49.70626936,2026/6/12,1,155049.8598,155049.8598,0,0,155049.8598,2026/6/1,JB,HK0000055621,Equity funds and equity index funds,EQUITY FUNDS & EQUITY INDEX FUNDS,JPMORGAN CHINA PIONEER A-SHARE FUND UNITS ACCU. ACCU.,Fund,Fund,10525838,JPMorgan China Pioneer A-Share Fund acc,
2026/6/1,202606,JB HK,C,USD,HKD,0,0,0,,0.127651,0,0,0,0,0,2026/6/1,JB,,Cash,CURRENT ACCOUNTS,HKD CURRENT ACCOUNTS HK99886029-01-HKD01,Cash,Cash,,,
2026/6/1,202606,JB HK,A,USD,USD,19474.196,10.27,4.869338637,2026/6/12,1,92929.92394,92929.92394,0,0,92929.92394,2026/6/1,JB,IE00B4KRFX62,Bond funds,BONDS FUNDS,NEUBERGER BERMAN INVESTMENT FUNDS PLC - NEUBERGER BERMAN HIGH YIELD BOND FUND SHS (MONTHLY) CLASS -A- USD,Fund,Fund,18553502,NEUBERGER BERMAN HIGH YIELD BOND FUND (MONTHLY) CLASS -A-USD,
2026/6/1,202606,JB HK,C,USD,USD,300000,100,99.70922193,2026/6/15,1,245284.686,245284.686,0,0,245284.686,2026/6/1,JB,XS3348971683,Other structured products,OTHER STRUCTURED PRODUCTS,NATIXIS-FCN 15.5% 22.09.2026 GOOG MU AMAT KI:186.2362 515.375 227.9379,FCN,Structured Product,,,
2026/6/1,202606,JB HK,B,USD,HKD,3700,530.115895,383.4322619,2026/6/15,0.127651,1262642.796,161177.6156,0,0,161177.6156,2026/6/1,JB,KYG875721634,Equities,EQUITIES,TENCENT HOLDINGS LTD REGISTERED SHS (700),Equity,Equity,24014323,Reg.shsTencentHoldingsLtd (700) 分派:07.06.2021 分派金額:HKD 1.6 交易編號24014323-ISINKYG875721634,Tencent Holdings Limited;0700.HK
2026/6/1,202606,JB HK,B,USD,USD,3564,36.323266,4.035058958,2026/6/15,1,13661.90262,13661.90262,0,0,13661.90262,2026/6/1,JB,US62914V1061,Equities,EQUITIES,NIO INC SHS -A- SPONSORED AMERICAN DEPOSITARY SHARE REPR 1 SH -A- (NIO),Equity,Equity,,NIO INC*SHS -A- SPONSORED AMERICAN *DEPOSITARY SHARE REPR 1 SH -A- USD,NIO Inc;NIO
2026/6/1,202606,JB HK,B,USD,XAU,0,0,5295.214365,2026/6/16,4328.117408,0,0,0,0,0,2026/6/1,JB,,Precious metal investments,PRECIOUS METAL ACCOUNTS,XAU PRECIOUS METAL ACCOUNTS HK09835318-01-XAU01,Precious Metal,Spot/FX/Deposit/Loans,,,
2026/6/1,202606,JB HK,A,USD,HKD,57695.62,0,0,,0.127651,53080.01661,6775.7172,0,0,6775.7172,2026/6/1,JB,,Cash,CURRENT ACCOUNTS,HKD CURRENT ACCOUNTS HK99866409-01-HKD01,Cash,Cash,,,
2026/6/1,202606,JB HK,A,USD,USD,16601.993,108.421,165.8988633,2026/4/30,1,2644081.698,2644081.698,0,0,2644081.698,2026/6/1,JB,KYG867301015,Non Traditional Funds & similar positions,NON TRADITIONAL FUNDS,TARGET GLOBAL ARBITRAGE FUND RED.PTG.SHS -A- USD,Fund,Fund,30732807,Target Global Arbitrage Fund A-USD,
2026/6/1,202606,JB HK,B,USD,SGD,4800,4.232508,10.80611098,2026/6/15,0.7801,41495.47022,32370.61631,0,0,32370.61631,2026/6/1,JB,SG1U68934629,Equities,EQUITIES,KEPPEL LTD. REGISTERED SHS (BN4),Equity,Equity,,KEPPEL CORPORATION LTD REGISTERED SHS (BN4 SG) nan,Keppel Corporation Limited;BN4.SI
2026/6/1,202606,JB HK,A,USD,USD,3203.417,93.649999,74.18273118,2026/6/12,1,218627.1612,218627.1612,0,0,218627.1612,2026/6/1,JB,LU0258954444,Non Traditional Funds & similar positions,NON TRADITIONAL FUNDS,INVESCO ZODIAC FUNDS FCP-SIF - INVESCO US SENIOR LOAN FUND UNITS -H- DISTRIBUTION,Fund,Fund,,INVESCO US SENIOR LOAN FUND HX USD,
2026/6/1,202606,JB HK,C,USD,USD,320,316.534813,325.2275401,2026/6/15,1,85339.7065,85339.7065,0,0,85339.7065,2026/6/1,JB,US92537N1081,Equities,EQUITIES,VERTIV HOLDINGS CO REGISTERED SHS -A- (VRT),Equity,Equity,52408119,VERTIV HOLDINGS CO REGISTERED SHS -A-,Vertiv Holdings Co;VRT
2026/6/1,202606,JB HK,A,USD,SGD,0,0,0,,0.7801,0,0,0,0,0,2026/6/1,JB,,Cash,CURRENT ACCOUNTS,SGD CURRENT ACCOUNTS HK99866409-01-SGD01,Cash,Cash,,,
2026/6/1,202606,JB HK,B,USD,JPY,40000000,100,68.40672406,2026/6/15,0.006234,23532742.44,146703.1164,0,0,146703.1164,2026/6/1,JB,XS3291061367,Structured products with equity underlying,STRUCTURED PRODUCTS WITH EQUITY UNDERLYING / YIELD- OPTIMIZATION,"J.P. MORGAN STRUCTURED PRODUCTS 15.11 % FCN 2026-14.04.2027 9984.JT 7012.JT 7011.JT STK: 2178.55, 8247.25, 2503.05",FCN,Structured Product,,"J.P. MORGAN STRUCTURED PRODUCTS 15.11 % FCN 2026-14.04.2027 9984.JT 7012.JT 7011.JT STK: 2178.55, 8247.25, 2503.05",SoftBank Group Corp;9984.T;Mitsubishi Heavy Industries Ltd;7011.T;Kawasaki Heavy Industries Ltd;7012.T
2026/6/1,202606,JB HK,C,USD,USD,840,297.008381,508.1108187,2026/6/15,1,439617.4803,439617.4803,0,0,439617.4803,2026/6/1,JB,US8740391003,Equities,EQUITIES,TAIWAN SEMICONDUCTOR MANUFACTURING CO LTD SHS SPONSORED AMERICAN DEPOSITARY RECEIPT REPR 5 SHS (TSM),Equity,Equity,TSM,TAIWAN SEMI-ADR,Taiwan Semiconductor Manufacturing Company Limited;TSM
2026/6/1,202606,JB HK,B,USD,USD,200000,98.822,103.8397935,2026/6/15,1,199372.4035,199372.4035,4154.337284,4154.337284,203360.5673,2026/6/1,JB,US06051GKY43,Bonds and notes,BONDS AND NOTES,BANK OF AMERICA CORP 5.015  BOND 2022-22.07.2033,Bond,Bond,,Bank of America Corp 5.015 % 2022-22.07.2033 Floating rate bond Global Bond,Bank of America Corporation;BAC
2026/6/1,202606,JB HK,A,USD,USD,300000,71.232,86.34937489,2026/6/15,1,292724.3809,292724.3809,3270.368111,3270.368111,296419.8969,2026/6/1,JB,US191216DL17,Bonds and notes,BONDS AND NOTES,COCA-COLA CO 3  BOND 2021-05.03.2051,Bond,Bond,110320011,USD 200000 3%NotesCoca-ColaCo. 2021-05.03.2051Global 利息日期:06.03.-2 交易編號110320011-股票代號KO5141,The Coca-Cola Company;KO
2026/6/1,202606,JB HK,A,USD,AUD,0,0,0,,0.707753,0,0,0,0,0,2026/6/1,JB,,Cash,CURRENT ACCOUNTS,AUD CURRENT ACCOUNTS HK99866409-01-AUD01,Cash,Cash,,,
2026/6/1,202606,JB HK,B,USD,HKD,370,280.310351,82.19528099,2026/6/15,0.127651,34974.13391,4464.483167,0,0,4464.483167,2026/6/1,JB,KYG596691041,Equities,EQUITIES,MEITUAN REGISTERED SHS -B- UNITARY (3690),Equity,Equity,,Meituan Dianping (3690),Meituan;3690.HK
2026/6/1,202606,JB SG,A,USD,CHF,0,0,0,,1.260589,0,0,0,0,0,2026/6/1,JB,,Cash,CURRENT ACCOUNTS,CHF CURRENT ACCOUNTS SG99863008-01-CHF01,Cash,Cash,,,
2026/6/1,202606,JB SG,C,USD,HKD,0,0,0,,0.127651,0,0,0,0,0,2026/6/1,JB,,Cash,CURRENT ACCOUNTS,HKD CURRENT ACCOUNTS SG99866862-01-HKD01,Cash,Cash,,,
2026/6/1,202606,JB SG,A,USD,USD,300000,99.309,73.8864175,2026/6/15,1,243825.1778,243825.1778,3999.625651,3999.625651,248224.766,2026/6/1,JB,US449276AE42,Bonds and notes,BONDS AND NOTES,IBM INTERNATIONAL CAPITAL PTE. LTD. 4.9  BOND 2024-05.02.2034,Bond,Bond,,IBM International Capital Pte. Ltd. 4.9 % 2024-05.02.2034,IBM International Capital Pte Ltd;2368986D SP
2026/6/1,202606,JB SG,A,USD,AUD,504000,0,0,,0.707753,534239.8622,378109.8652,1864.799504,1319.817443,379508.8716,2026/6/1,JB,,Short-Term Investments,FIDUCIARY PLACEMENTS FIXED TERM,FIDUCIARY PLACEMENTS FIXED TERM CONTRACT 27005-FDOR2613455670-1 OVERSEA-CHINESE BANKING CORP LTD,TD,Spot/FX/Deposit/Loans,,,
2026/6/1,202606,JB SG,B,USD,USD,400,407.08015,447.1835391,2026/6/15,1,150253.6691,150253.6691,0,0,150253.6691,2026/6/1,JB,US5949181045,Equities,EQUITIES,MICROSOFT CORP REGISTERED SHS (MSFT),Equity,Equity,,REGISTERED SHS MICROSOFT CORP US5949181045 1000 USD 153.5 NASDAQ,Microsoft Corporation;MSFT
2026/6/1,202606,JB SG,B,USD,SGD,0,0,0,,0.7801,0,0,0,0,0,2026/6/1,JB,,Cash,CURRENT ACCOUNTS,SGD CURRENT ACCOUNTS SG99881955-01-SGD01,Cash,Cash,,,
2026/6/1,202606,JB SG,A,USD,HKD,0,0,0,,0.127651,0,0,0,0,0,2026/6/1,JB,,Cash,CURRENT ACCOUNTS,HKD CURRENT ACCOUNTS SG99863008-01-HKD01,Cash,Cash,,,
2026/6/1,202606,JB SG,C,USD,JPY,0,0,0,,0.006234,0,0,0,0,0,2026/6/1,JB,,Cash,CURRENT ACCOUNTS,JPY CURRENT ACCOUNTS SG99866862-01-JPY01,Cash,Cash,,,
2026/6/1,202606,JB SG,A,USD,AUD,3000,39.999,54.80360264,2026/6/15,0.707753,195648.8026,138471.0269,0,0,138471.0269,2026/6/1,JB,AU000000BHP4,Equities,EQUITIES,BHP GROUP LTD REGISTERED SHS (BHP),Equity,Equity,,BHP GROUP LTD REGISTERED SHS,BHP Group Limited;BHP.AX
2026/6/1,202606,JB SG,C,USD,USD,200000,96.484,121.4270727,2026/6/15,1,279282.2671,279282.2671,3413.760122,3413.760122,283208.0912,2026/6/1,JB,US38141GZU11,Bonds and notes,BONDS AND NOTES,GOLDMAN SACHS GROUP INC 4.482 BOND 2022-23.08.2028,Bond,Bond,,NOTES GOLDMAN SACHS GROUP INC 2022-23.08.28 GLOBAL FIXED/FLOATING RATE US38141GZU11 USD 150000 97.373,The Goldman Sachs Group Inc;GS
2026/6/1,202606,JB SG,C,USD,USD,150,653.25,891.3613927,2026/6/15,1,118996.7459,118996.7459,0,0,118996.7459,2026/6/1,JB,US78462F1030,Equity funds and equity index funds,EQUITY FUNDS & EQUITY INDEX FUNDS,SPDR S P 500 ETF TRUST TRUST UNITS STATE STREET SPDR S P 500 ETF TRUST (SPY),ETF,Equity,,SPDR S P 500 ETF TRUST TRUST UNITS (SPY US) nan,SPDR S&P 500 ETF Trust;SPY
2026/6/1,202606,JB SG,C,USD,USD,150000,100,90.46471846,2026/6/15,1,111271.6037,111271.6037,719.1466998,719.1466998,111861.304,2026/6/1,JB,XS2688691158,Bonds and notes,BONDS AND NOTES,GOLDMAN SACHS-CALLABLE STEP-DOWN NT 24.02.2035 2025-24.02.2035,FRN,Structured Product,,GOLDMAN SACHS-CALLABLE STEP-DOWN NT 24.02.2035,The Goldman Sachs Group Inc;GS
2026/6/1,202606,JB SG,A,USD,AUD,5100,23.641,35.90466482,2026/6/15,0.707753,179451.4632,127007.3115,0,0,127007.3115,2026/6/1,JB,AU000000ANZ3,Equities,EQUITIES,ANZ GROUP HOLDINGS LIMITED REGISTERED SHS (ANZ),Equity,Equity,,AUSTRALIA NEW ZEALAND BANKING GROUP LTD REGISTERED SHS,Australia and New Zealand Banking Group Limited;ANZ.AX
2026/6/1,202606,JB SG,B,USD,USD,200,366.7275,294.9006991,2026/6/15,1,69596.56499,69596.56499,0,0,69596.56499,2026/6/1,JB,US02079K1079,Equities,EQUITIES,ALPHABET INC REGISTERED SHS -C- NON-VOTING (GOOG),Equity,Equity,,Reg.shs-C-AlphabetInc. nonvoting (GOOG) ISINUS02079K1079-股票代號GOOG,Alphabet Inc;GOOG
2026/6/1,202606,JB SG,C,USD,USD,200000,71.323,69.55050092,2026/6/15,1,154402.112,154402.112,1576.670883,1576.670883,156152.2167,2026/6/1,JB,US594918CE21,Bonds and notes,BONDS AND NOTES,MICROSOFT CORP 2.921  BOND 2021-17.03.2052,Bond,Bond,110336115,0 Instrument Microsoft Corp 2.921 % 2021-17.03.2052 Global Bond,Microsoft Corporation;MSFT
2026/6/1,202606,JB SG,A,USD,SGD,0,0,0,,0.7801,0,0,0,0,0,2026/6/1,JB,,Cash,CURRENT ACCOUNTS,SGD CURRENT ACCOUNTS SG99863008-01-SGD01,Cash,Cash,,,
2026/6/1,202606,JB SG,A,USD,USD,200000,76.921,84.71296487,2026/6/15,1,152483.3367,152483.3367,2305.648543,2305.648543,154558.4205,2026/6/1,JB,US68389XCA19,Bonds and notes,BONDS AND NOTES,ORACLE CORP 3.95  BOND 2021-25.03.2051,Bond,Bond,110707356,0 Instrument Oracle Corp 3.95 % 2021-25.03.2051 Global Bond,Oracle Corporation;ORCL
2026/6/1,202606,JB SG,B,USD,USD,200000,100,107.7421376,2026/6/15,1,249961.7592,249961.7592,0,0,249961.7592,2026/6/1,JB,XS3355433270,Structured products with equity underlying,STRUCTURED PRODUCTS WITH EQUITY UNDERLYING / YIELD- OPTIMIZATION,"CSI FINANCIAL PRODUCTS LTD 18 % FCN 2026-02.09.2026 GOOG TSM AAPL NVDA STK: 291.8006, 350.856, 234.5871, 1",FCN,Structured Product,,,
2026/6/1,202606,JB SG,C,USD,USD,399035.93,0,0,,1,474852.7567,474852.7567,0,0,474852.7567,2026/6/1,JB,,Cash,CURRENT ACCOUNTS,USD CURRENT ACCOUNTS SG99866862-01-USD01,Cash,Cash,,,
2026/6/1,202606,JB SG,C,USD,USD,12,145.4575,227.8781495,2026/6/15,1,2980.646195,2980.646195,0,0,2980.646195,2026/6/1,JB,US84615Q1031,Equities,EQUITIES,SPACE EXPLORATION TECHNOLOGIES CORPORATION REGISTERED SHS -A- (SPCX),Equity,Equity,,Space Exploration Technologies Corporation Registered-shares -A-,
2026/6/1,202606,JB SG,B,USD,USD,100,246.2604,285.9236288,2026/6/15,1,27162.74474,27162.74474,0,0,27162.74474,2026/6/1,JB,US0231351067,Equities,EQUITIES,AMAZON.COM INC REGISTERED SHS (AMZN),Equity,Equity,,REGISTERED SHS AMAZON.COM INC US0231351067 200 USD 3201.44 NASDAQ,Amazon.com Inc;AMZN
2026/6/1,202606,JB SG,B,USD,HKD,0,0,0,,0.127651,0,0,0,0,0,2026/6/1,JB,,Cash,CURRENT ACCOUNTS,HKD CURRENT ACCOUNTS SG99881955-01-HKD01,Cash,Cash,,,
2026/6/1,202606,JB SG,C,USD,USD,200000,81.21,70.81932901,2026/6/15,1,161468.0701,161468.0701,2953.528863,2953.528863,164835.0931,2026/6/1,JB,US254687FZ49,Bonds and notes,BONDS AND NOTES,THE WALT DISNEY COMPANY 3.6  BOND 2020-13.01.2051,Bond,Bond,54733739,The Walt Disney Company 3.6 % 2020-13.01.2051 Global Bond,The Walt Disney Company;DIS
2026/6/1,202606,JB SG,A,USD,GBP,0,0,0,,1.342761,0,0,0,0,0,2026/6/1,JB,,Cash,CURRENT ACCOUNTS,GBP CURRENT ACCOUNTS SG99863008-01-GBP01,Cash,Cash,,,
2026/6/1,202606,JB SG,C,USD,SGD,0,0,0,,0.7801,0,0,0,0,0,2026/6/1,JB,,Cash,CURRENT ACCOUNTS,SGD CURRENT ACCOUNTS SG99866862-01-SGD01,Cash,Cash,,,
2026/6/1,202606,JB SG,C,USD,USD,1600,29.31035,270.1182264,2026/6/15,1,371682.6796,371682.6796,0,0,371682.6796,2026/6/1,JB,US0378331005,Equities,EQUITIES,APPLE INC REGISTERED SHS (AAPL),Equity,Equity,908440,Reg.shs Apple Inc. Distribution: 13.05.2021 Distribution amount: USD 0.22 Valor 908440 - Symbol AAPL,Apple Inc;AAPL
2026/6/1,202606,JB SG,A,USD,USD,200000,100,73.93895804,2026/6/15,1,164144.4869,164144.4869,7482.476283,7482.476283,172450.0356,2026/6/1,JB,XS2769498028,Other structured products,OTHER STRUCTURED PRODUCTS,GOLDMAN SACHS-CLN 5% 22.06.2030 USG91139AE82 CO LTD,CLN,Structured Product,,Goldman Sachs Finance Corp International LTD 0 % 2025-22.06.2030 Credit Linked Note linked to 1.375 TSMC Gl 30,Taiwan Semiconductor Manufacturing Company Limited;TSM
2026/6/1,202606,JB SG,A,USD,USD,7,152.927143,187.2958605,2026/6/15,1,1507.731678,1507.731678,0,0,1507.731678,2026/6/1,JB,US84615Q1031,Equities,EQUITIES,SPACE EXPLORATION TECHNOLOGIES CORPORATION REGISTERED SHS -A- (SPCX),Equity,Equity,,Space Exploration Technologies Corporation Registered-shares -A-,
2026/6/1,202606,JB SG,C,USD,GBP,19931.04,0,0,,1.342761,22920.70182,30777.0245,0,0,30777.0245,2026/6/1,JB,,Cash,CURRENT ACCOUNTS,GBP CURRENT ACCOUNTS SG99866862-01-GBP01,Cash,Cash,,,
2026/6/1,202606,JB SG,B,USD,USD,150,589.9872,687.8947294,2026/6/15,1,93897.63055,93897.63055,0,0,93897.63055,2026/6/1,JB,US30303M1027,Equities,EQUITIES,META PLATFORMS INC REGISTERED SHS -A- (META),Equity,Equity,,FACEBOOK INC - A,Meta Platforms Inc;META
2026/6/1,202606,JB SG,A,USD,EUR,0,0,0,,1.16075,0,0,0,0,0,2026/6/1,JB,,Cash,CURRENT ACCOUNTS,EUR CURRENT ACCOUNTS SG99863008-01-EUR01,Cash,Cash,,,
2026/6/1,202606,JB SG,A,USD,AUD,2500,116.9514,227.020543,2026/6/15,0.707753,454040.9626,321348.8534,0,0,321348.8534,2026/6/1,JB,AU000000RIO1,Equities,EQUITIES,RIO TINTO LTD REGISTERED SHS (RIO),Equity,Equity,,RIO TINTO LTD (RIO AT),Rio Tinto Group;RIO.AX
2026/6/1,202606,JB SG,A,USD,JPY,46870000,100,84.3052124,2026/6/15,0.006234,33983111,211850.714,0,0,211850.714,2026/6/1,JB,XS3362085055,Structured products with equity underlying,STRUCTURED PRODUCTS WITH EQUITY UNDERLYING / YIELD- OPTIMIZATION,"NOMURA-FCN 13.27% 17.12.2026 7011.JT 6702.JT STK:2,907.6480 2,925.624",FCN,Structured Product,,"NOMURA-FCN 17.12.2026 7011.JT 6702.JT STK:2,907.6480 2,925.624",Mitsubishi Heavy Industries Ltd;7011.T;Fujitsu Limited;6702.T
2026/6/1,202606,JB SG,B,USD,CHF,0,0,0,,1.260589,0,0,0,0,0,2026/6/1,JB,,Cash,CURRENT ACCOUNTS,CHF CURRENT ACCOUNTS SG99881955-01-CHF01,Cash,Cash,,,
2026/6/1,202606,JB SG,C,USD,USD,200000,103.85,111.312081,2026/6/15,1,264922.7528,264922.7528,6252.832253,6252.832253,272363.6231,2026/6/1,JB,XS1642686676,Bonds and notes,BONDS AND NOTES,SOFTBANK GROUP CORP. 6.875  BOND 2017-PERPETUAL SUBORD,Bond,Bond,,SOFTBANK GROUP CORP VAR PCT PERP FIX TO VAR SUB (RES US),SoftBank Group Corp;9984.T
2026/6/1,202606,JB SG,B,USD,USD,150000,100,125.2643377,2026/6/11,1,180380.6463,180380.6463,0,0,180380.6463,2026/6/1,JB,XS3391923326,Other structured products,OTHER STRUCTURED PRODUCTS,BARCLAYS-FCN MSFT GOOG NVDA TSM 12% 25.09.2026 STK:306.6825 273.75 158.07 323.25,FCN,Structured Product,,,
2026/6/1,202606,JB SG,B,USD,EUR,0,0,0,,1.16075,0,0,0,0,0,2026/6/1,JB,,Cash,CURRENT ACCOUNTS,EUR CURRENT ACCOUNTS SG99881955-01-EUR01,Cash,Cash,,,
2026/6/1,202606,JB SG,C,USD,USD,399000,0,0,,1,0,0,0,0,0,2026/6/1,JB,,Short-Term Investments,FIDUCIARY PLACEMENTS FIXED TERM,FIDUCIARY PLACEMENTS FIXED TERM CONTRACT 27005-FDOR2616694090-1 OVERSEA-CHINESE BANKING CORP LTD,TD,Spot/FX/Deposit/Loans,,,
2026/6/1,202606,JB SG,C,USD,USD,400000,98.16086,97.20008394,2026/6/15,1,451008.3895,451008.3895,1646.14184,1646.14184,452917.914,2026/6/1,JB,US912810UE63,Bonds and notes,BONDS AND NOTES,UNITED STATES OF AMERICA 4.5  BOND 2024-15.11.2054,Bond,Bond,,UNITED STATES OF AMERICA 4.5 BOND 2024-15.11.2054,USA Government Bond
2026/6/1,202606,JB SG,C,USD,EUR,17944.63,0,0,,1.16075,15611.82865,18121.4301,0,0,18121.4301,2026/6/1,JB,,Cash,CURRENT ACCOUNTS,EUR CURRENT ACCOUNTS SG99866862-01-EUR01,Cash,Cash,,,
2026/6/1,202606,JB SG,A,USD,USD,422000,0,0,,1,0,0,0,0,0,2026/6/1,JB,,Short-Term Investments,FIDUCIARY PLACEMENTS FIXED TERM,FIDUCIARY PLACEMENTS FIXED TERM CONTRACT 27005-FDOR2616676060-1 OVERSEA-CHINESE BANKING CORP LTD,TD,Spot/FX/Deposit/Loans,,,
2026/6/1,202606,JB SG,B,USD,GBP,0,0,0,,1.342761,0,0,0,0,0,2026/6/1,JB,,Cash,CURRENT ACCOUNTS,GBP CURRENT ACCOUNTS SG99881955-01-GBP01,Cash,Cash,,,
2026/6/1,202606,JB SG,A,USD,USD,300000,100,82.7814808,2026/6/15,1,283112.6643,283112.6643,0,0,283112.6643,2026/6/1,JB,XS3365208191,Other structured products,OTHER STRUCTURED PRODUCTS,NATIXIS-FCN 14.52% 09.11.2026 MSFT TSLA GOOGL STK:328.1017 313.0316 303.5376,FCN,Structured Product,,NATIXIS-FCN 14.52% 09.11.2026 MSFT TSLA GOOGL STK:328.1017 313.0316 303.5376,Microsoft Corporation;MSFT;Tesla Inc;TSLA;Alphabet Inc;GOOGL
2026/6/1,202606,JB SG,C,USD,USD,200000,100.778125,71.43375662,2026/6/15,1,165726.3195,165726.3195,2179.390152,2179.390152,168254.4121,2026/6/1,JB,US912810TN81,Bonds and notes,BONDS AND NOTES,UNITED STATES OF AMERICA 3.625 BOND 2023-15.02.2053,Bond,Bond,,UNITED STATES OF AMERICA 3.625 BOND 2023-15.02.2053,USA Government Bond
2026/6/1,202606,JB SG,C,USD,CHF,0,0,0,,1.260589,0,0,0,0,0,2026/6/1,JB,,Cash,CURRENT ACCOUNTS,CHF CURRENT ACCOUNTS SG99866862-01-CHF01,Cash,Cash,,,
2026/6/1,202606,JB SG,C,USD,USD,200000,100.848,99.08285708,2026/6/15,1,214018.9713,214018.9713,4199.829547,4199.829547,218554.7872,2026/6/1,JB,US95000U3F88,Bonds and notes,BONDS AND NOTES,WELLS FARGO  CO 5.557  BOND 2023-25.07.2034,Bond,Bond,,WELLS FARGO CO 5.557 BOND 2023-25.07.2034,Wells Fargo & Company;WFC
2026/6/1,202606,JB SG,B,USD,USD,300,435.302,514.9979942,2026/6/15,1,174584.3201,174584.3201,0,0,174584.3201,2026/6/1,JB,US8740391003,Equities,EQUITIES,TAIWAN SEMICONDUCTOR MANUFACTURING CO LTD SHS SPONSORED AMERICAN DEPOSITARY RECEIPT REPR 5 SHS (TSM),Equity,Equity,TSM,TAIWAN SEMI-ADR,Taiwan Semiconductor Manufacturing Company Limited;TSM
2026/6/1,202606,JB SG,A,USD,AUD,460000,0,0,,0.707753,528999.8537,374401.2335,325.0699142,230.069207,374665.8131,2026/6/1,JB,,Short-Term Investments,FIDUCIARY PLACEMENTS FIXED TERM,FIDUCIARY PLACEMENTS FIXED TERM CONTRACT 27005-FDOR2616025049-1 OVERSEA-CHINESE BANKING CORP LTD,TD,Spot/FX/Deposit/Loans,,,
2026/6/1,202606,JB SG,A,USD,AUD,460000,0,0,,0.707753,0,0,0,0,0,2026/6/1,JB,,Short-Term Investments,FIDUCIARY PLACEMENTS FIXED TERM,FIDUCIARY PLACEMENTS FIXED TERM CONTRACT 27005-FDOR2616770936-1 OVERSEA-CHINESE BANKING CORP LTD,TD,Spot/FX/Deposit/Loans,,,
2026/6/1,202606,JB SG,B,USD,USD,200000,100,101.3603714,2026/6/15,1,196639.1204,196639.1204,0,0,196639.1204,2026/6/1,JB,XS3355432892,Structured products with equity underlying,STRUCTURED PRODUCTS WITH EQUITY UNDERLYING / YIELD- OPTIMIZATION,"CSI FINANCIAL PRODUCTS LTD 15 % FCN 2026-01.10.2026 META GOOG TSM NVDA STK: 448.0419, 282.5423, 339.724, 1",FCN,Structured Product,,,
2026/6/1,202606,JB SG,A,USD,USD,250000,100.925,126.488382,2026/6/15,1,303572.1167,303572.1167,5581.79463,5581.79463,308930.6395,2026/6/1,JB,US718172DJ54,Bonds and notes,BONDS AND NOTES,PHILIP MORRIS INTERNATIONAL INC 5.25  BOND 2024-13.02.2034,Bond,Bond,,PHILIP MORRIS INTERNATIONAL ICNC 5.25 BOND 2024-13.02.2034,Philip Morris International Inc;PM
2026/6/1,202606,JB SG,C,USD,USD,200000,77.34297,55.12139833,2026/6/15,1,119062.2235,119062.2235,416.9253133,416.9253133,119512.5028,2026/6/1,JB,US912810SE91,Bonds and notes,BONDS AND NOTES,UNITED STATES OF AMERICA 3.375 BOND 2018-15.11.2048,Bond,Bond,,UNITED STATES OF AMERICA 3.375 BOND 2018-15.11.2048,USA Government Bond
2026/6/1,202606,JB SG,C,USD,USD,200000,97.521875,97.27797359,2026/6/15,1,171209.2355,171209.2355,3091.844457,3091.844457,173930.0586,2026/6/1,JB,US912810TT51,Bonds and notes,BONDS AND NOTES,UNITED STATES OF AMERICA 4.125 BOND 2023-15.08.2053,Bond,Bond,,UNITED STATES OF AMERICA 4.125 BOND 2023-15.08.2053,USA Government Bond
2026/6/1,202606,JB SG,C,USD,USD,200000,101.841,116.0762559,2026/6/15,1,248403.1877,248403.1877,213.7506808,213.7506808,248631.9009,2026/6/1,JB,XS3151416727,Bonds and notes,BONDS AND NOTES,FUBON LIFE SINGAPORE PTE LTD 5.45 BOND 2025-10.12.2035 SUBORD,Bond,Bond,,Fubon Life Singapore Pte Ltd 5.45 % 2025-10.12.2035 Eurobond,Fubon Life Singapore;
2026/6/1,202606,JB SG,C,USD,USD,200000,102.02,119.8145419,2026/6/15,1,222855.0479,222855.0479,3580.698101,3580.698101,226185.0972,2026/6/1,JB,XS2885079702,Bonds and notes,BONDS AND NOTES,CATHAYLIFE SINGAPORE PTE. LTD. 5.3 BOND 2024-05.09.2039 SUBORD,Bond,Bond,,CATHAYLIFE SINGAPORE PTE LTD 5.3%,Cathay Singapore Pte. Ltd.;2455303D SP
2026/6/1,202606,JB SG,B,USD,USD,-6,6.005,4.25031402,2026/6/15,1,-2524.686528,-2524.686528,0,0,-2524.686528,2026/6/1,JB,,Options,STOCK OPTIONS (TRADED & OTC),PUT OPTION NVIDIA Rg EXPIRY: 17072026 STRIKE: 200,Option,Structured Product,,,
2026/6/1,202606,JB SG,C,USD,USD,100000,100.5,119.2431401,2026/6/15,1,113280.9831,113280.9831,1877.628135,1877.628135,115064.7298,2026/6/1,JB,US04650NAB01,Bonds and notes,BONDS AND NOTES,AT T INC 5.35  BOND 2011-01.09.2040,Bond,Bond,,,
2026/6/1,202606,JB SG,A,USD,USD,422702.9,0,0,,1,464973.19,464973.19,0,0,464973.19,2026/6/1,JB,,Cash,CURRENT ACCOUNTS,USD CURRENT ACCOUNTS SG99863008-01-USD01,Cash,Cash,,,
2026/6/1,202606,JB SG,B,USD,USD,2355126.48,0,0,,1,1954754.978,1954754.978,1856.09,1856.09,1956295.533,2026/6/1,JB,,Short-Term Investments,CALL DEPOSITS,CALL DEPOSITS CONTRACT 21003-MM26159J94HG,TD,Spot/FX/Deposit/Loans,,,
2026/6/1,202606,JB SG,A,USD,USD,700,75.5683,159.3750818,2026/6/15,1,89250.04584,89250.04584,0,0,89250.04584,2026/6/1,JB,US14040H1059,Equities,EQUITIES,CAPITAL ONE FINANCIAL CORP REGISTERED SHS (COF),Equity,Equity,,CAPITAL ONE FINANCIAL CORP REGISTERED SHS (COF US) nan,Capital One Financial Corporation;COF
2026/6/1,202606,JB SG,C,USD,USD,200000,106.772,131.7532817,2026/6/15,1,313572.8106,313572.8106,6715.347988,6715.347988,321564.0747,2026/6/1,JB,XS2852920342,Bonds and notes,BONDS AND NOTES,CATHAYLIFE SINGAPORE PTE. LTD. 5.95  BOND 2024-05.07.2034 SUBORD,Bond,Bond,,CathayLife Singapore Pte. Ltd. 5.95 % 2024-05.07.2034 Eurobond,Cathaylife Singapore Pte Ltd;2455303D SP
2026/6/1,202606,JB SG,C,USD,USD,100000,100,92.18904999,2026/6/15,1,91267.15949,91267.15949,4664.679257,4664.679257,95885.19196,2026/6/1,JB,XS2769498028,Other structured products,OTHER STRUCTURED PRODUCTS,GOLDMAN SACHS-CLN 5% 22.06.2030 USG91139AE82 CO LTD,CLN,Structured Product,,Goldman Sachs Finance Corp International LTD 0 % 2025-22.06.2030 Credit Linked Note linked to 1.375 TSMC Gl 30,Taiwan Semiconductor Manufacturing Company Limited;TSM
2026/6/1,202606,JB SG,A,USD,USD,300000,76.05,65.08098989,2026/6/15,1,195242.9697,195242.9697,2871.284751,2871.284751,198114.2544,2026/6/1,JB,US11135FCV13,Bonds and notes,BONDS AND NOTES,BROADCOM INC 3.5  BOND 2025-15.02.2041,Bond,Bond,149055658,3.50% Notes Broadcom Inc. 2021-15.02.2041,Broadcom Inc;AVGO
2026/6/1,202606,JB SG,C,USD,USD,100000,100,99.90391844,2026/6/15,1,79923.13475,79923.13475,1856.542723,1856.542723,81408.36896,2026/6/1,JB,XS2897816174,Other structured products,OTHER STRUCTURED PRODUCTS,BARCLAYS-FIXED RATE CLN USG91139AE82 7.5% 20.12.2029,CLN,Structured Product,,Barclays Bank PLC 7.5 % 2024-20.12.2029 Credit Linked Note linked to 1.375 TSMC Gl 30,Barclays Bank;
2026/6/1,202606,JB SG,A,USD,AUD,506000,0,0,,0.707753,0,0,0,0,0,2026/6/1,JB,,Short-Term Investments,FIDUCIARY PLACEMENTS FIXED TERM,FIDUCIARY PLACEMENTS FIXED TERM CONTRACT 27005-FDOR2616786973-1 OVERSEA-CHINESE BANKING CORP LTD,TD,Spot/FX/Deposit/Loans,,,
2026/6/1,202606,JB SG,C,USD,USD,200000,96.265,120.310656,2026/6/15,1,214152.9676,214152.9676,3421.266397,3421.266397,217197.8947,2026/6/1,JB,XS2405871570,Bonds and notes,BONDS AND NOTES,SINGAPORE AIRLINES LTD 3.375  BOND 2022-19.01.2029,Bond,Bond,116004469,3.375% Euro Medium Tem Notes Singapore Airlines Ltd 2022-19.01.2029,Singapore Airlines Limited;C6L.SI
2026/6/1,202606,JB SG,B,USD,USD,800,210.7303,235.5411875,2026/6/15,1,203507.586,203507.586,0,0,203507.586,2026/6/1,JB,US67066G1040,Equities,EQUITIES,NVIDIA CORP REGISTERED SHS (NVDA),Equity,Equity,NVDA,NVIDIA C,NVIDIA Corporation;NVDA
2026/6/1,202606,JB SG,B,USD,USD,-550000,0,0,,1,-473000,-473000,0,0,-473000,2026/6/1,JB,,Cash,CURRENT ACCOUNTS,USD CURRENT ACCOUNTS SG99881955-01-USD01,Cash,Cash,,,
2026/6/1,202606,JB SG,A,USD,AUD,224.46,0,0,,0.707753,262.6144996,185.8662,0,0,185.8662,2026/6/1,JB,,Cash,CURRENT ACCOUNTS,AUD CURRENT ACCOUNTS SG99863008-01-AUD01,Cash,Cash,,,
2026/6/1,202606,JB SG,A,USD,JPY,2556,0,0,,0.006234,2120.93359,13.2219,0,0,13.2219,2026/6/1,JB,,Cash,CURRENT ACCOUNTS,JPY CURRENT ACCOUNTS SG99863008-01-JPY01,Cash,Cash,,,
2026/6/1,202606,LGT HK,A,USD,HKD,500000,4.7911,0.127930586,2026/6/16,0.12765197,74839.36926,9553.39292,0,0,9553.39292,2026/6/1,LGT,KYG943091382,Equities,reg-share,R Wan Leader Intl,Equity,Equity,,,
2026/6/1,202606,LGT HK,C,USD,USD,100000,100,78.04765644,2026/6/15,1,92096.2346,92096.2346,0,0,92096.2346,2026/6/1,LGT,XS3391920140,Equities,oth-hybrid,12 Barc 26 FCN,FCN,Structured Product,,Barclays Bank PLC 12 % 2026-28.09.2026 Fixed Coupon Notes linked to Equities Basket,
2026/6/1,202606,LGT HK,B,USD,USD,1262965.12,1,0,,1,1452409.888,1452409.888,7262.07,7262.07,1460761.269,2026/6/1,LGT,,Liquidity,,Deposit - Money Market Call US,TD,Spot/FX/Deposit/Loans,,,
2026/6/1,202606,LGT HK,B,USD,USD,1555,48.4052605,67.73831234,2026/6/15,1,100066.4219,100066.4219,0,0,100066.4219,2026/6/1,LGT,US78433H6751,Equities,share-fund,Ut NEOS Nsdq 100,ETF,Equity,,NEOS Nasdaq 100 High Income ETF Registered-units,NEOS NASDAQ-100(R) High Income ETF;QQQI
2026/6/1,202606,LGT HK,C,USD,USD,-400,22.85815,32.15623751,2026/6/15,1,-12090.74492,-12090.74492,0,0,-12090.74492,2026/6/1,LGT,YY0162278261,Derivatives,otc-p-share-opt,TSLA 373.643P 27/11/26,Option,Structured Product,,,
2026/6/1,202606,LGT HK,A,USD,USD,5795.74,1,0,,1,6259.3992,6259.3992,0,0,6259.3992,2026/6/1,LGT,,Liquidity,,USD account,Cash,Cash,,,
2026/6/1,202606,LGT HK,C,USD,USD,-400,17.836,29.83795787,2026/6/15,1,-11338.41977,-11338.41977,0,0,-11338.41977,2026/6/1,LGT,YY0162228845,Derivatives,otc-p-share-opt,TSLA 383.474P 14/09/26,Option,Structured Product,,,
2026/6/1,202606,LGT HK,C,USD,USD,400,315.59105,524.3719529,2026/6/16,1,234918.6348,234918.6348,0,0,234918.6348,2026/6/1,LGT,US88160R1014,Equities,reg-share,R Tesla,Equity,Equity,,TESLA MOTORS,Tesla Inc;TSLA
2026/6/1,202606,LGT HK,A,USD,JPY,100,174800,101544.3696,2026/6/16,0.00623441,9138998.754,56976.26522,0,0,56976.26522,2026/6/1,LGT,JP3047510007,Equities,reg-share,R GLP J-REIT,Equity,Equity,,,
2026/6/1,202606,LGT HK,A,USD,ZAR,49603.174,60.4799999,53.28722258,2026/6/15,0.06168575,2907536.764,179353.586,0,0,179353.586,2026/6/1,LGT,LU1035779427,Bonds,bond-fund,Ut AB I Gl HY Ptf AA,Bond,Bond,,,
2026/6/1,202606,LGT HK,C,USD,USD,-1000,4.34,11.12377874,2026/6/15,1,-13014.82005,-13014.82005,0,0,-13014.82005,2026/6/1,LGT,YY0161790936,Derivatives,otc-p-share-opt,PDD 88.97P 17/12/26,Option,Structured Product,,,
2026/6/1,202606,LGT HK,C,USD,USD,100000,100,79.41383049,2026/6/15,1,64325.2027,64325.2027,0,0,64325.2027,2026/6/1,LGT,XS3361879409,Equities,oth-hybrid,17.15 Nomura 26 FCN,FCN,Structured Product,,Nomura International Funding Pte Ltd 17.15 % 2026-28.09.2026 Fixed Coupon Notes linked to NVIDIA CORP / TESLA INC / TAIWAN SEMICONDUCTOR-SP ADR (Strike 168.75 / 328.335 / 298.575),NVIDIA Corporation;NVDA;Tesla Inc;TSLA;Taiwan Semiconductor Manufacturing Company Limited;TSM
2026/6/1,202606,LGT HK,A,USD,JPY,220,65700,55967.21809,2026/6/16,0.00623441,11081515.73,69086.71245,0,0,69086.71245,2026/6/1,LGT,JP3046190009,Equities,reg-share,R Invincible Inv,Equity,Equity,,Invincible Investment Corp Registered-shares,Invincible Investment Corporation;8963.T
2026/6/1,202606,LGT HK,C,USD,USD,100000,100,127.1826529,2026/6/15,1,120823.5203,120823.5203,0,0,120823.5203,2026/6/1,LGT,XS3362107040,Equities,oth-hybrid,18 Nomura 26 FCN,FCN,Structured Product,,Nomura International Funding Pte Ltd 18 % 2026-18.09.2026 Fixed Coupon Notes linked to NVIDIA CORP / TESLA INC / TAIWAN SEMICONDUCTOR-SP ADR (Strike 177.8637 / 327.2517 / 345.2838),
2026/6/1,202606,LGT HK,C,USD,USD,100000,100,90.27884064,2026/6/15,1,72223.07251,72223.07251,0,0,72223.07251,2026/6/1,LGT,CH1559706903,Equities,oth-hybrid,15 Vont 26 FCN,FCN,Structured Product,,Vontobel Financial Products Ltd 15 % 2026-29.07.2026 Fixed Coupon Notes linked to Equities Basket,Meta Platforms Inc;META;NVIDIA Corporation;NVDA;Tesla Inc;TSLA;Taiwan Semiconductor Manufacturing Company Limited;TSM
2026/6/1,202606,LGT HK,C,USD,USD,100000,100,85.73456181,2026/6/15,1,101166.7829,101166.7829,0,0,101166.7829,2026/6/1,LGT,XS3165213714,Equities,oth-hybrid,12 Citi 26 FCN,FCN,Structured Product,,Citigroup Global Markets Funding Luxembourg S.C.A. 12 % 2026-31.08.2026 Fixed Coupon Notes linked to Equities Basket,Alphabet Inc;GOOG;Apple Inc;AAPL;NVIDIA Corporation;NVDA;Taiwan Semiconductor Manufacturing Company Limited;TSM
2026/6/1,202606,LGT HK,C,USD,USD,1004,0,-1.164018908,2026/6/15,1,-958.31155,-958.31155,0,0,-958.31155,2026/6/1,LGT,YY0162293005,Derivatives,accum-otc,NVDA Jun 27 177.0088,Equity AQ,Structured Product,YY0162293005,"R NVIDIA (994529) (the ""Share"")",
2026/6/1,202606,LGT HK,A,USD,ZAR,52976.18,1,0,,0.06168575,58803.64266,3627.3468,0,0,3627.3468,2026/6/1,LGT,,Liquidity,,ZAR account,Cash,Cash,,,
2026/6/1,202606,LGT HK,A,USD,HKD,21343.16,1,0,,0.12765197,17928.27795,2288.58,0,0,2288.58,2026/6/1,LGT,,Liquidity,,HKD account,Cash,Cash,,,
2026/6/1,202606,LGT HK,C,USD,HKD,-8288123.35,1,0,,0.12765197,-9862866.757,-1259014.371,0,0,-1259014.371,2026/6/1,LGT,,Credit,,"Fixed Advance HKD, 3.85%, 17.0",TL,Spot/FX/Deposit/Loans,,,
2026/6/1,202606,LGT HK,C,USD,USD,-300,15.6204,23.47489702,2026/6/15,1,-7112.892139,-7112.892139,0,0,-7112.892139,2026/6/1,LGT,YY0161989959,Derivatives,otc-p-share-opt,MSFT 488.1375C 25/2/27,Option,Structured Product,,,
2026/6/1,202606,LGT HK,B,USD,CNY,3.57,1,0,,0.14798591,4.082821126,0.6042,0,0,0.6042,2026/6/1,LGT,,Liquidity,,CNY account,Cash,Cash,,,
2026/6/1,202606,LGT HK,C,USD,USD,-200,50.7216,6.739912492,2026/6/15,1,-1078.381936,-1078.381936,0,0,-1078.381936,2026/6/1,LGT,YY0161529342,Derivatives,otc-p-share-opt,TSLA 591.752C 15/09/26,Option,Structured Product,,,
2026/6/1,202606,LGT HK,C,USD,USD,200,624.855,742.6229518,2026/6/15,1,130701.6396,130701.6396,0,0,130701.6396,2026/6/1,LGT,US30303M1027,Equities,reg-share,R Meta Platform A,Equity,Equity,,FACEBOOK INC - A,Meta Platforms Inc;META
2026/6/1,202606,LGT HK,A,USD,HKD,22792,94.0308665,51.61595608,2026/6/16,0.12765197,1211723.779,154678.9274,0,0,154678.9274,2026/6/1,LGT,CNE1000003X6,Equities,reg-share,R Ping AnIns H,Equity,Equity,,PING AN INS GRP,"Ping An Insurance (Group) Company of China, Ltd.;2318.HK"
2026/6/1,202606,LGT HK,C,USD,USD,-600,9.6897667,0.014376034,2026/6/15,1,-7.416828813,-7.416828813,0,0,-7.416828813,2026/6/1,LGT,YY0161324876,Derivatives,otc-p-share-opt,AAPL 183.7017P 26/6/26,Option,Structured Product,,,
2026/6/1,202606,LGT HK,B,USD,USD,300000,100.239,103.6526021,2026/6/15,1,254985.4012,254985.4012,2456.514541,2456.514541,256999.7431,2026/6/1,LGT,US91324PEZ18,Bonds,straight-bond,4.7 Unitedhlth 29,Bond,Bond,,Unitedhealth Group Inc 4.7 % 2024-15.04.2029 Global Bond,UnitedHealth Group Incorporated;UNH
2026/6/1,202606,LGT HK,C,USD,USD,-800,14.3777375,6.76233692,2026/6/15,1,-5301.66782,-5301.66782,0,0,-5301.66782,2026/6/1,LGT,YY0161859616,Derivatives,otc-p-share-opt,NVDA 158.5238P 14/1/27,Option,Structured Product,,,
2026/6/1,202606,LGT HK,B,USD,USD,100000,100,84.5938322,2026/6/15,1,90515.40045,90515.40045,0,0,90515.40045,2026/6/1,LGT,XS3360811148,Equities,oth-hybrid,10 GS Bk 26 FCN,FCN,Structured Product,,Goldman Sachs Bank Europe SE 10 % 2026-09.09.2026 Fixed Coupon Notes linked to UNITEDHEALTH GROUP INC (Strike 327.8416),UnitedHealth Group Incorporated;UNH
2026/6/1,202606,LGT HK,C,USD,USD,852,177.2687559,155.218675,2026/6/16,1,109764.4382,109764.4382,0,0,109764.4382,2026/6/1,LGT,US67066G1040,Equities,reg-share,R NVIDIA,Equity,Equity,NVDA,NVIDIA C,NVIDIA Corporation;NVDA
2026/6/1,202606,LGT HK,C,USD,USD,300,390.51,422.0896265,2026/6/15,1,119029.2746,119029.2746,0,0,119029.2746,2026/6/1,LGT,US5949181045,Equities,reg-share,R Microsoft,Equity,Equity,,REGISTERED SHS MICROSOFT CORP US5949181045 1000 USD 153.5 NASDAQ,Microsoft Corporation;MSFT
2026/6/1,202606,LGT HK,A,USD,EUR,618,161.7339968,84.21902253,2026/6/15,1.1606,54649.72596,63426.47196,0,0,63426.47196,2026/6/1,LGT,DE0007664039,Equities,bearer-share,B VW /PFD,Equity,Equity,,EUR VOLKSWAGEN AG−PREF (VOW3 GR) DE0007664039,Volkswagen AG;VOW3.DE
2026/6/1,202606,LGT HK,C,USD,USD,-750,5.985,2.927814425,2026/6/15,1,-1756.691862,-1756.691862,0,0,-1756.691862,2026/6/1,LGT,YY0162183784,Derivatives,otc-p-share-opt,NVDA 171.57P 04/09/26,Option,Structured Product,,,
2026/6/1,202606,LGT HK,C,USD,USD,-184769.41,1,0,,1,-164444.7749,-164444.7749,0,0,-164444.7749,2026/6/1,LGT,,Liquidity,,USD account,Cash,Cash,,,
2026/6/1,202606,LGT HK,C,USD,USD,-600,17.3475167,24.57660984,2026/6/15,1,-12239.14956,-12239.14956,0,0,-12239.14956,2026/6/1,LGT,EZ0Y6T0MJWJ0,Derivatives,otc-p-share-opt,NVDA 235.7C 07/01/27,Option,Structured Product,,,
2026/6/1,202606,LGT HK,A,USD,JPY,292347,1,0,,0.00623441,239724.4005,1494.5402,0,0,1494.5402,2026/6/1,LGT,,Liquidity,,JPY account,Cash,Cash,,,
2026/6/1,202606,LGT HK,C,USD,USD,100000,100,116.2218705,2026/6/15,1,139466.2446,139466.2446,0,0,139466.2446,2026/6/1,LGT,XS3158597438,Equities,oth-hybrid,12 Citi 26 FCN,FCN,Structured Product,FCN7309,(CITIC) META-458.9685 MSFT-326.4181 NVDA-134.6648 TSM-242.8340,NVIDIA Corporation;NVDA;Meta Platforms Inc;META;Microsoft Corporation;MSFT;Taiwan Semiconductor Manufacturing Company Limited;TSM
2026/6/1,202606,LGT HK,B,USD,USD,10937.5,1,0,,1,10062.5,10062.5,0,0,10062.5,2026/6/1,LGT,,Liquidity,,USD account,Cash,Cash,,,
2026/6/1,202606,LGT HK,C,USD,USD,-250,19.44768,17.30529318,2026/6/15,1,-4196.532406,-4196.532406,0,0,-4196.532406,2026/6/1,LGT,YY0162183693,Derivatives,otc-p-share-opt,META 522.6564P04/11/26,Option,Structured Product,,,
2026/6/1,202606,LGT HK,C,USD,USD,-1000,8.93046,9.529427174,2026/6/15,1,-9434.135002,-9434.135002,0,0,-9434.135002,2026/6/1,LGT,YY0162173835,Derivatives,otc-p-share-opt,NVDA 182.8618P29/10/26,Option,Structured Product,,,
2026/6/1,202606,LGT HK,C,USD,USD,100000,100,116.2385378,2026/6/15,1,95315.601,95315.601,0,0,95315.601,2026/6/1,LGT,XS3362086293,Equities,oth-hybrid,14.27 Nomura 26 FCN,FCN,Structured Product,,Nomura International Funding Pte Ltd 14.27 % 2026-17.09.2026 Fixed Coupon Notes linked to ALPHABET INC-CL C / NVIDIA CORP / TAIWAN SEMICONDUCTOR-SP ADR (Strike 297.872 / 172.696 / 339.856),
2026/6/1,202606,LGT HK,A,USD,EUR,-83278.65,1,0,,1.1606,-67455.70567,-78289.092,0,0,-78289.092,2026/6/1,LGT,,Credit,,"Fixed Advance EUR, 3.25%, 16.0",TL,Spot/FX/Deposit/Loans,,,
2026/6/1,202606,LGT HK,C,USD,USD,80000,100,114.4141257,2026/6/15,1,96107.86561,96107.86561,0,0,96107.86561,2026/6/1,LGT,XS3357767980,Equities,oth-hybrid,Barc Ct/R NVIDIA 27,BEN,Structured Product,,Barclays Bank PLC Digital Coupon Note 2026-28.05.2027 linked to R NVIDIA (Strike 301.58403) Redemption amount 138.05 %,NVIDIA Corporation;NVDA
2026/6/1,202606,LGT HK,B,USD,USD,200000,97.95,7.986851533,2026/6/15,1,18369.75489,18369.75489,0,0,18369.75489,2026/6/1,LGT,XS1954961295,Bonds,straight-bond,7.5 Logan Grp 22,Bond,Bond,,Logan Group Company Limited 7.5 % 2019-25.08.2022 Eurobond Reg-S-,Logan Group Company Limited;3380.HK
2026/6/1,202606,LGT HK,C,USD,USD,200000,98.71,91.03177652,2026/6/16,1,171139.7398,171139.7398,2589.855054,2589.855054,173574.2036,2026/6/1,LGT,US404280FM61,Bonds,float-bond,FLR HSBC Hldg 37,Bond,Bond,,HSBC Holdings PLC 5.279 % 2026-10.03.2037 Floating rate bond,HSBC Holdings plc;HSBC
2026/6/1,202606,LGT HK,B,USD,USD,2500,96.090824,76.02375892,2026/6/16,1,178655.8335,178655.8335,0,0,178655.8335,2026/6/1,LGT,US4642874329,Bonds,bond-fund,Ut iShs 20+Y TB,ETF,Equity,,iShares 20+ Year Treasury Bond ETF Registered-units Management company / AIFM BlackRock Fund Advisors,iShares 20+ Year Treasury Bond ETF;TLT
2026/6/1,202606,LGT HK,C,USD,USD,150000,100,124.5759578,2026/6/15,1,181258.0185,181258.0185,0,0,181258.0185,2026/6/1,LGT,CH1568572312,Equities,oth-hybrid,15 Vont 26 RCv,FCN,Structured Product,,Vontobel Financial Products Ltd 15 % 2026-11.09.2026 Reverse Conv. linked to Equities Basket,Alphabet Inc;GOOG;Apple Inc;AAPL;NVIDIA Corporation;NVDA;Taiwan Semiconductor Manufacturing Company Limited;TSM
2026/6/1,202606,LGT HK,C,USD,USD,-250,34.174,33.47699632,2026/6/15,1,-8452.943981,-8452.943981,0,0,-8452.943981,2026/6/1,LGT,YY0161790951,Derivatives,otc-p-share-opt,TSLA 366.15P 17/12/26,Option,Structured Product,,,
2026/6/1,202606,LGT HK,C,USD,USD,100000,100,83.80614017,2026/6/15,1,94700.93839,94700.93839,0,0,94700.93839,2026/6/1,LGT,XS3391929018,Equities,oth-hybrid,12 Barc 26 FCN,FCN,Structured Product,,Barclays Bank PLC 12 % 2026-25.09.2026 Fixed Coupon Notes linked to Equities Basket,
2026/6/1,202606,LGT HK,B,USD,USD,500000,101.6094,121.565992,2026/6/15,1,644299.7575,644299.7575,817.4106839,817.4106839,645166.2127,2026/6/1,LGT,US478160BJ28,Bonds,straight-bond,4.375 J & J 33,Bond,Bond,,Johnson & Johnson 4.375 % 2013-05.12.2033,Johnson & Johnson;JNJ
2026/6/1,202606,LGT HK,A,USD,USD,1578,122.1043853,42.04936018,2026/6/15,1,62372.65694,62372.65694,0,0,62372.65694,2026/6/1,LGT,US91680M1071,Equities,reg-share,R Upstart Hldg,Equity,Equity,58052754,Reg. shs Upstart Holdings Inc. (UPST),Upstart Holdings Inc;UPST
2026/6/1,202606,LGT HK,C,USD,USD,-200,36.1608,29.63560833,2026/6/15,1,-5215.867468,-5215.867468,0,0,-5215.867468,2026/6/1,LGT,YY0161724778,Derivatives,otc-p-share-opt,META 518.3048P20/11/26,Option,Structured Product,,,
2026/6/1,202606,LGT HK,B,USD,XAU,32,1,0,,4323.38,25.6,110678.528,0,0,110678.528,2026/6/1,LGT,,Commodities/metals,,XAU metal account gold ounces,Precious Metal,Spot/FX/Deposit/Loans,,,
2026/6/1,202606,LGT HK,A,USD,USD,1266,105.974763,7.71120109,2026/6/15,1,10933.86625,10933.86625,0,0,10933.86625,2026/6/1,LGT,US87918A1051,Equities,reg-share,R Teladoc Health,Equity,Equity,,Teladoc Health Inc Registered-shares United States health care/health care equipment & services,Teladoc Health Inc;TDOC
2026/6/1,202606,LGT HK,C,USD,USD,150000,100,125.3541287,2026/6/15,1,156065.8902,156065.8902,0,0,156065.8902,2026/6/1,LGT,XS3298428940,Equities,oth-hybrid,12 UBS 26 FCN,FCN,Structured Product,FCN7891,(UBS) GOOG-227.5455 NVDA-136.7488 META-482.2402 TSM-257.0952,Alphabet Inc;GOOG;NVIDIA Corporation;NVDA;Meta Platforms Inc;META;Taiwan Semiconductor Manufacturing Company Limited;TSM
2026/6/1,202606,LGT HK,C,USD,USD,100000,100,111.0599964,2026/6/15,1,117723.5962,117723.5962,0,0,117723.5962,2026/6/1,LGT,XS3352162534,Equities,oth-hybrid,15 CSI 26 FCN,FCN,Structured Product,,CSI FINANCIAL PRODUCTS LTD 15 % 2026-14.09.2026 Fixed Coupon Notes linked to Equities Basket,NVIDIA Corporation;NVDA;Meta Platforms Inc;META;Tesla Inc;TSLA;Taiwan Semiconductor Manufacturing Company Limited;TSM
2026/6/1,202606,LGT HK,A,USD,XAU,0,1,0,,4323.38,0,0,0,0,0,2026/6/1,LGT,,Commodities/metals,,XAU metal account gold ounces,Precious Metal,Spot/FX/Deposit/Loans,,,
2026/6/1,202606,LGT HK,B,USD,USD,250000,105.71,78.16638166,2026/6/16,1,211049.2304,211049.2304,4992.4765,4992.4765,216441.105,2026/6/1,LGT,XS2852920342,Bonds,straight-bond,5.95 CathayLife SG 34,Bond,Bond,,CathayLife Singapore Pte. Ltd. 5.95 % 2024-05.07.2034 Eurobond,Cathaylife Singapore Pte Ltd;2455303D SP
2026/6/1,202606,LGT HK,C,USD,USD,80000,100,67.14663665,2026/6/15,1,45659.71292,45659.71292,0,0,45659.71292,2026/6/1,LGT,XS3352316353,Equities,oth-hybrid,CSI Ct/Alibaba Grp 27,BEN,Structured Product,,CSI FINANCIAL PRODUCTS LTD Digital Coupon Note 2026-25.05.2027 linked to R Alibaba Grp /ADR (Strike 143.84) Redemption amount 141.29 %,Alibaba Group Holding Limited;BABA
2026/6/1,202606,LGT HK,B,USD,USD,200000,99.736,99.65170394,2026/6/16,1,227205.885,227205.885,2299.121491,2299.121491,229826.8835,2026/6/1,LGT,XS1865437930,Bonds,straight-bond,3.875 SingTel 28,Bond,Bond,,SingTel Group Treasury Pte Ltd 3.875 % 2018-28.08.2028 EMTN Reg-S-,Singapore Telecommunications Limited;Z74.SI
2026/6/1,202606,LGT HK,C,USD,USD,-2,42,38.83256871,2026/6/15,1,-7378.188054,-7378.188054,0,0,-7378.188054,2026/6/1,LGT,YY0162274468,Derivatives,share-opt,META 740 C 15/01/27,Option,Structured Product,,,
2026/6/1,202606,LGT HK,C,USD,USD,100000,100,95.33906226,2026/6/15,1,94385.67164,94385.67164,0,0,94385.67164,2026/6/1,LGT,XS3361704862,Equities,oth-hybrid,18 Nomura 26 FCN,FCN,Structured Product,,Nomura International Funding Pte Ltd 18 % 2026-22.07.2026 Fixed Coupon Notes linked to NVIDIA CORP / TESLA INC / TAIWAN SEMICONDUCTOR-SP ADR (Strike 166.1037 / 324.714 / 337.203),NVIDIA Corporation;NVDA;Tesla Inc;TSLA;Taiwan Semiconductor Manufacturing Company Limited;TSM
2026/6/1,202606,LGT HK,C,USD,USD,150000,100,113.8942574,2026/6/15,1,182800.2831,182800.2831,1073.180718,1073.180718,183948.5865,2026/6/1,LGT,XS3352256864,Equities,oth-hybrid,15 CSI 26 ACN,FCN,Structured Product,,CSI FINANCIAL PRODUCTS LTD 15 % 2026-05.08.2026 Autocallable Notes linked to Equities Basket,Apple Inc;AAPL;Amazon.com Inc;AMZN;NVIDIA Corporation;NVDA;Taiwan Semiconductor Manufacturing Company Limited;TSM
2026/6/1,202606,LGT HK,C,USD,USD,150000,100,124.5834868,2026/6/16,1,151368.9365,151368.9365,0,0,151368.9365,2026/6/1,LGT,XS3355429757,Equities,oth-hybrid,15 CSI 26 FCN,FCN,Structured Product,,,
2026/6/1,202606,LGT HK,C,USD,USD,-200,19.7765,28.50550107,2026/6/15,1,-5473.053014,-5473.053014,0,0,-5473.053014,2026/6/1,LGT,YY0162327704,Derivatives,otc-p-share-opt,TSLA 494.412C 15/10/26,Option,Structured Product,,,
2026/6/1,202606,LGT HK,C,USD,USD,-400,11.541975,0.864247826,2026/6/15,1,-397.5502757,-397.5502757,0,0,-397.5502757,2026/6/1,LGT,YY0162078174,Derivatives,otc-p-share-opt,TSM 291.9442P 24/07/26,Option,Structured Product,,,
2026/6/1,202606,LGT HK,A,USD,JPY,210,77500,54775.31108,2026/6/16,0.00623441,10122483.66,63107.71335,0,0,63107.71335,2026/6/1,LGT,JP3046400002,Equities,reg-share,R Jp Hotel REIT,Equity,Equity,,Japan Hotel REIT Investment Corp Registered-shares,Japan Hotel REIT Investment Corporation;8985.T
2026/6/1,202606,LGT HK,B,USD,USD,1567,48.1936822,49.6347016,2026/6/15,1,74666.47431,74666.47431,0,0,74666.47431,2026/6/1,LGT,US78433H3030,Equities,share-fund,Ut NEOS S&P 500,ETF,Equity,,NEOS S&P 500(R) High Income ETF Registered-units,Neos S&P 500(R) High Income ETF;SPYI
2026/6/1,202606,LGT HK,B,USD,USD,2625,86.4749638,91.74757033,2026/6/15,1,250470.867,250470.867,0,0,250470.867,2026/6/1,LGT,US4642898591,Others,strat-fund,Ut Ishs Cr 80/20,ETF,Equity,,iShares Core 80/20 Aggressive Allocation ETF Registered-units Management company / AIFM BlackRock Fund Advisors,iShares Core 80/20 Aggressive Allocation ETF;AOA
2026/6/1,202606,LGT HK,C,USD,USD,-500,21.804,5.67931321,2026/6/15,1,-2527.292766,-2527.292766,0,0,-2527.292766,2026/6/1,LGT,YY0161741483,Derivatives,otc-p-share-opt,NVDA 172.615P 25/11/26,Option,Structured Product,,,
2026/6/1,202606,LGT SG,C,USD,USD,150000,100,135.350917,2026/6/15,1,188814.5292,188814.5292,0,0,188814.5292,2026/6/1,LGT,XS3305488788,Equities,oth-hybrid,Barc Ct/R NVIDIA 26,BEN,Structured Product,,Barclays Bank PLC Digital Coupon Notes 2026-16.07.2026 linked to NVIDIA (Strike 167) Redemption Amount 114.93%,NVIDIA Corporation;NVDA
2026/6/1,202606,LGT SG,A,USD,USD,200000,100,121.5321642,2026/6/15,1,281954.6209,281954.6209,0,0,281954.6209,2026/6/1,LGT,XS3391920140,Equities,oth-hybrid,12 Barc 26 FCN,FCN,Structured Product,,Barclays Bank PLC 12 % 2026-28.09.2026 Fixed Coupon Notes linked to Equities Basket,
2026/6/1,202606,LGT SG,C,USD,USD,-1000,29.20102,0.064326328,2026/6/15,1,-76.54737074,-76.54737074,0,0,-76.54737074,2026/6/1,LGT,YY0161311030,Derivatives,otc-p-share-opt,TSLA 267.0825 P24/6/26,Option,Structured Product,,,
2026/6/1,202606,LGT SG,C,USD,USD,-1200,8.73,0.025119609,2026/6/15,1,-35.87080166,-35.87080166,0,0,-35.87080166,2026/6/1,LGT,YY0161310982,Derivatives,otc-p-share-opt,NVDA 119.31P 24/06/26,Option,Structured Product,,,
2026/6/1,202606,LGT SG,C,USD,USD,-1500,12.58,7.28266555,2026/6/15,1,-10705.51835,-10705.51835,0,0,-10705.51835,2026/6/1,LGT,YY0162050108,Derivatives,otc-p-share-opt,NVDA 159.1P 17/12/26,Option,Structured Product,,,
2026/6/1,202606,LGT SG,C,USD,USD,250000,100,124.3164658,2026/6/15,1,335654.4577,335654.4577,0,0,335654.4577,2026/6/1,LGT,XS3357767980,Equities,oth-hybrid,Barc Ct/R NVIDIA 27,BEN,Structured Product,,Barclays Bank PLC Digital Coupon Note 2026-28.05.2027 linked to R NVIDIA (Strike 301.58403) Redemption amount 138.05 %,NVIDIA Corporation;NVDA
2026/6/1,202606,LGT SG,A,USD,USD,-400,9.624,6.500088634,2026/6/15,1,-2470.035014,-2470.035014,0,0,-2470.035014,2026/6/1,LGT,YY0162253470,Derivatives,otc-p-share-opt,TSM 344.86P 21/08/26,Option,Structured Product,,,
2026/6/1,202606,LGT SG,C,USD,USD,-15,16.45,12.32618682,2026/6/15,1,-20707.99386,-20707.99386,0,0,-20707.99386,2026/6/1,LGT,YY0162125231,Derivatives,share-opt,NVDA 180 P 18/12/26,Option,Structured Product,,,
2026/6/1,202606,LGT SG,C,USD,USD,-1000,8.0514,0.152287569,2026/6/15,1,-162.9451375,-162.9451375,0,0,-162.9451375,2026/6/1,LGT,YY0161825195,Derivatives,otc-p-share-opt,NVDA 162.945P 02/07/26,Option,Structured Product,,,
2026/6/1,202606,LGT SG,C,USD,USD,-10,19.4,38.77261476,2026/6/15,1,-32181.27025,-32181.27025,0,0,-32181.27025,2026/6/1,LGT,YY0160971081,Derivatives,share-opt,NVDA 180 C 18/12/26,Option,Structured Product,,The Options Clearing Corp OCC Option NVDA 180 Call 18 December 2026 100,NVIDIA Corporation;NVDA
2026/6/1,202606,LGT SG,C,USD,USD,-3000,14.4391,74.44029443,2026/6/15,1,-207688.4237,-207688.4237,0,0,-207688.4237,2026/6/1,LGT,YY0161149828,Derivatives,otc-p-share-opt,NVDA 166.605 C15/04/27,Option,Structured Product,,,
2026/6/1,202606,LGT SG,A,USD,USD,-300,22.3727333,4.711536474,2026/6/15,1,-1413.457454,-1413.457454,0,0,-1413.457454,2026/6/1,LGT,YY0161533872,Derivatives,otc-p-share-opt,TSLA 290.017P 16/09/26,Option,Structured Product,,,
2026/6/1,202606,LGT SG,C,USD,USD,-10,8.95,0.025823231,2026/6/15,1,-20.91681682,-20.91681682,0,0,-20.91681682,2026/6/1,LGT,YY0162046155,Derivatives,share-opt,NVDA 168 P 18/06/26,Option,Structured Product,,,
2026/6/1,202606,LGT SG,C,USD,USD,-5,102,32.41824422,2026/6/15,1,-13291.48013,-13291.48013,0,0,-13291.48013,2026/6/1,LGT,YY0161787932,Derivatives,share-opt,TSLA 800 C 21/01/28,Option,Structured Product,,,
2026/6/1,202606,LGT SG,C,USD,USD,24000,149.1875517,171.6951083,2026/6/16,1,4120682.599,4120682.599,0,0,4120682.599,2026/6/1,LGT,US67066G1040,Equities,reg-share,R NVIDIA,Equity,Equity,NVDA,NVIDIA C,NVIDIA Corporation;NVDA
2026/6/1,202606,LGT SG,A,USD,USD,-500,14.72,8.493311064,2026/6/15,1,-4204.19352,-4204.19352,0,0,-4204.19352,2026/6/1,LGT,YY0162128946,Derivatives,otc-p-share-opt,TSM 316.48P 16/10/26,Option,Structured Product,,,
2026/6/1,202606,LGT SG,A,USD,USD,100000,100,83.8292246,2026/6/15,1,77961.17888,77961.17888,0,0,77961.17888,2026/6/1,LGT,XS3384382902,Equities,oth-hybrid,12 Nomura 26 FCN,FCN,Structured Product,,Nomura International Funding Pte Ltd 12 % 2026-28.09.2026 Fixed Coupon Notes linked to NVIDIA CORP / TAIWAN SEMICONDUCTOR-SP ADR (Strike 158.07 / 323.25),
2026/6/1,202606,LGT SG,C,USD,USD,-1000,5.3364,0.012874339,2026/6/15,1,-10.55504962,-10.55504962,0,0,-10.55504962,2026/6/1,LGT,YY0162056071,Derivatives,otc-p-share-opt,NVDA 156.5344P18/06/26,Option,Structured Product,,,
2026/6/1,202606,LGT SG,A,USD,USD,100000,100,121.4325647,2026/6/15,1,111717.9595,111717.9595,0,0,111717.9595,2026/6/1,LGT,XS3361787628,Equities,oth-hybrid,Nomura Ct/R NVIDIA 26,BEN,Structured Product,,Nomura International Funding Pte Ltd Digital Coupon Note 2026-25.08.2026 linked to R NVIDIA (Strike 238.8826) Redemption amount 114.66 %,NVIDIA Corporation;NVDA
2026/6/1,202606,LGT SG,A,USD,USD,11409.885,27.1694255,32.95919286,2026/6/15,1,361018.173,361018.173,0,0,361018.173,2026/6/1,LGT,LU0689472784,Others,strat-fund,Ut AGIF Inc Grw AT,Fund,Fund,,ALLIANZ GLOBAL INVESTORS FUND SICAV - ALLIANZ INCOME AND GROWTH SHS -AT (USD)- CAPITALISATION,
2026/6/1,202606,LGT SG,C,USD,USD,-8,21.25,29.75629179,2026/6/15,1,-22138.68109,-22138.68109,0,0,-22138.68109,2026/6/1,LGT,YY0161683198,Derivatives,share-opt,TSLA 380 P 18/09/26,Option,Structured Product,,,
2026/6/1,202606,LGT SG,A,USD,USD,-400,22.1832,30.65943651,2026/6/15,1,-9933.659103,-9933.659103,0,0,-9933.659103,2026/6/1,LGT,YY0162276356,Derivatives,otc-p-share-opt,TSM 366.876P 27/11/26,Option,Structured Product,,,
2026/6/1,202606,LGT SG,B,USD,USD,520.5112,137.4761965,271.9881346,2026/4/30,1,145820.058,145820.058,0,0,145820.058,2026/6/1,LGT,VGG039471278,Hedge funds,hedge-fund,Ut Antarctica MLM H,Fund,Fund,,ANTARCTICA ALPHA ACCESS PORTFOLIO SPC LTD − RED.PTG.SHS −H− MLM FUND SEGREGATED PORTFOLIO ACCUMULATION USD,
2026/6/1,202606,LGT SG,C,USD,USD,-50,4,1.255322484,2026/6/15,1,-7029.805909,-7029.805909,0,0,-7029.805909,2026/6/1,LGT,YY0162112015,Derivatives,share-opt,IBIT 47 C 16/10/26,Option,Structured Product,,,
2026/6/1,202606,LGT SG,C,USD,USD,150000,100,67.10306515,2026/6/15,1,98641.50575,98641.50575,0,0,98641.50575,2026/6/1,LGT,XS3262943148,Equities,oth-hybrid,Barc Ct/R Microsoft 27,BEN,Structured Product,,Barclays Bank PLC Digital Coupon Notes 2026-01.03.2027 linked to MICROSOFT CORP (Strike 518.08576) Redemption Amount 124.48%,Microsoft Corporation;MSFT
2026/6/1,202606,LGT SG,C,USD,USD,1200,157.33,241.1539859,2026/6/16,1,243083.2178,243083.2178,0,0,243083.2178,2026/6/1,LGT,US84615Q1031,Equities,reg-share,R Space Exploration A,Equity,Equity,,Space Exploration Technologies Corporation Registered-shares -A-,
2026/6/1,202606,LGT SG,C,USD,USD,100000,100,90.17053028,2026/6/15,1,97384.1727,97384.1727,0,0,97384.1727,2026/6/1,LGT,CH1568572312,Equities,oth-hybrid,15 Vont 26 RCv,FCN,Structured Product,,Vontobel Financial Products Ltd 15 % 2026-11.09.2026 Reverse Conv. linked to Equities Basket,Alphabet Inc;GOOG;Apple Inc;AAPL;NVIDIA Corporation;NVDA;Taiwan Semiconductor Manufacturing Company Limited;TSM
2026/6/1,202606,LGT SG,A,USD,USD,-700,13.5772,75.02145907,2026/6/15,1,-55665.92082,-55665.92082,0,0,-55665.92082,2026/6/1,LGT,YY0161152293,Derivatives,otc-p-share-opt,NVDA 156.66C 16/04/27,Option,Structured Product,,,
2026/6/1,202606,LGT SG,A,USD,USD,1072,199.0777799,361.0139611,2026/6/16,1,356046.409,356046.409,0,0,356046.409,2026/6/1,LGT,US0378331005,Equities,reg-share,R Apple,Equity,Equity,908440,Reg.shs Apple Inc. Distribution: 13.05.2021 Distribution amount: USD 0.22 Valor 908440 - Symbol AAPL,Apple Inc;AAPL
2026/6/1,202606,LGT SG,C,USD,USD,200000,100,121.5225887,2026/6/15,1,209018.8525,209018.8525,0,0,209018.8525,2026/6/1,LGT,XS3352284486,Equities,oth-hybrid,CSI Ct/R Meta 26,BEN,Structured Product,,CSI FINANCIAL PRODUCTS LTD Bonus Enhanced Notes 2026-02.12.2026 linked to META PLATFORMS INC-CLASS A (Strike 615.72),Meta Platforms Inc;META
2026/6/1,202606,LGT SG,C,USD,USD,-12,9.1,3.508934733,2026/6/15,1,-4126.507246,-4126.507246,0,0,-4126.507246,2026/6/1,LGT,YY0162180004,Derivatives,share-opt,NVDA 180 P 21/08/26,Option,Structured Product,,,
2026/6/1,202606,LGT SG,A,USD,USD,-1231859.57,1,0,,1,-1392001.314,-1392001.314,-1205.55,-1205.55,-1393363.586,2026/6/1,LGT,,Liquidity,,USD account,Cash,Cash,,,
2026/6/1,202606,LGT SG,C,USD,USD,-1400,10.4529571,2.472161539,2026/6/15,1,-3011.093988,-3011.093988,0,0,-3011.093988,2026/6/1,LGT,YY0161607791,Derivatives,otc-p-share-opt,NVDA 149.328P 08/10/26,Option,Structured Product,,,
2026/6/1,202606,LGT SG,C,USD,USD,-30,18.7666667,13.89409778,2026/6/15,1,-49601.92906,-49601.92906,0,0,-49601.92906,2026/6/1,LGT,YY0160949111,Derivatives,share-opt,NVDA 240 C 18/12/26,Option,Structured Product,,The Options Clearing Corp OCC Option NVDA 240 Call 18 December 2026 100,NVIDIA Corporation;NVDA
2026/6/1,202606,LGT SG,A,USD,USD,100000,100,90.82769317,2026/6/15,1,106268.401,106268.401,0,0,106268.401,2026/6/1,LGT,XS3362107040,Equities,oth-hybrid,18 Nomura 26 FCN,FCN,Structured Product,,Nomura International Funding Pte Ltd 18 % 2026-18.09.2026 Fixed Coupon Notes linked to NVIDIA CORP / TESLA INC / TAIWAN SEMICONDUCTOR-SP ADR (Strike 177.8637 / 327.2517 / 345.2838),
2026/6/1,202606,LGT SG,C,USD,HKD,-10541309.7,1,0,,0.12765197,-8960113.245,-1143776.108,-725.53,-725.53,-1144392.808,2026/6/1,LGT,,Credit,,"Fixed Advance HKD, 3.28%, 10.0",TL,Spot/FX/Deposit/Loans,,,
2026/6/1,202606,LGT SG,A,USD,USD,1506,0,-1.404725763,2026/6/15,1,-2221.294107,-2221.294107,0,0,-2221.294107,2026/6/1,LGT,YY0162281059,Derivatives,accum-otc,NVDA Jun 27 177.6826,Equity AQ,Structured Product,YY0162281059,"R NVIDIA (994529) (the ""Share"")",
2026/6/1,202606,LGT SG,B,USD,USD,701.695,101.9786659,221.3895457,2026/4/30,1,150687.5034,150687.5034,0,0,150687.5034,2026/6/1,LGT,VGG039453375,Hedge funds,hedge-fund,Ut Antarctica MLI X,Fund,Fund,,,
2026/6/1,202606,LGT SG,C,USD,USD,-10,100,32.68185932,2026/6/15,1,-29740.49198,-29740.49198,0,0,-29740.49198,2026/6/1,LGT,YY0161803911,Derivatives,share-opt,TSLA 790 C 21/01/28,Option,Structured Product,,,
2026/6/1,202606,LGT SG,C,USD,USD,-1000,18.277,10.47677612,2026/6/15,1,-9324.331744,-9324.331744,0,0,-9324.331744,2026/6/1,LGT,YY0161975131,Derivatives,otc-p-share-opt,NVDA 164.12P 19/02/27,Option,Structured Product,,,
2026/6/1,202606,LGT SG,C,USD,USD,300000,100,122.8672306,2026/6/15,1,405461.861,405461.861,0,0,405461.861,2026/6/1,LGT,XS3156725205,Equities,oth-hybrid,Citi Ct/R NVIDIA 27,BEN,Structured Product,,Citigroup Global Markets Funding Luxembourg S.C.A. Bonus-Cert. 2026-02.02.2027 linked to NVIDIA CORP (Strike 256.4886),NVIDIA Corporation;NVDA
2026/6/1,202606,LGT SG,A,USD,USD,150000,100,104.0276327,2026/6/15,1,154481.0345,154481.0345,0,0,154481.0345,2026/6/1,LGT,XS3355551048,Equities,oth-hybrid,15 CSI 26 FCN,FCN,Structured Product,,CSI FINANCIAL PRODUCTS LTD 15 % 2026-14.08.2026 Fixed Coupon Notes linked to Equities Basket,
2026/6/1,202606,LGT SG,C,USD,USD,-1500,18.4626,34.70817035,2026/6/15,1,-46856.02797,-46856.02797,0,0,-46856.02797,2026/6/1,LGT,YY0161245931,Derivatives,otc-p-share-opt,NVDA 198.828 C28/05/27,Option,Structured Product,,,
2026/6/1,202606,LGT SG,A,USD,USD,-500,11.4483,3.344195193,2026/6/15,1,-1755.705982,-1755.705982,0,0,-1755.705982,2026/6/1,LGT,YY0162139125,Derivatives,otc-p-share-opt,TSM 317.598P 20/08/26,Option,Structured Product,,,
2026/6/1,202606,LGT SG,C,USD,USD,100000,100,105.2969615,2026/6/15,1,109508.84,109508.84,0,0,109508.84,2026/6/1,LGT,XS3362040209,Equities,oth-hybrid,20 Nomura 27 FCN,FCN,Structured Product,,Nomura International Funding Pte Ltd 20 % 2026-28.05.2026 Fixed Coupon Notes linked to Equities Basket,NVIDIA Corporation;NVDA;Meta Platforms Inc;META;Tesla Inc;TSLA;Taiwan Semiconductor Manufacturing Company Limited;TSM
2026/6/1,202606,LGT SG,C,USD,USD,-1500,8.05,12.19839502,2026/6/15,1,-14638.07307,-14638.07307,0,0,-14638.07307,2026/6/1,LGT,YY0162228829,Derivatives,otc-p-share-opt,NVDA 197.8P 14/09/26,Option,Structured Product,,,
2026/6/1,202606,LGT SG,C,USD,USD,-6,14.5,9.436063998,2026/6/15,1,-6001.336703,-6001.336703,0,0,-6001.336703,2026/6/1,LGT,YY0162157549,Derivatives,share-opt,AVGO 360 P 17/07/26,Option,Structured Product,,,
2026/6/1,202606,LGT SG,C,USD,USD,-4,40.5,66.7933936,2026/6/15,1,-22175.40668,-22175.40668,0,0,-22175.40668,2026/6/1,LGT,YY0162180244,Derivatives,share-opt,TSM 500 C 19/03/27,Option,Structured Product,,,
2026/6/1,202606,LGT SG,A,USD,USD,-400,17.561625,8.037283805,2026/6/15,1,-3247.068064,-3247.068064,0,0,-3247.068064,2026/6/1,LGT,YY0161975784,Derivatives,otc-p-share-opt,TSLA 334.8962P 20/8/26,Option,Structured Product,,,
2026/6/1,202606,LGT SG,B,USD,USD,13123.85,1,0,,1,13648.804,13648.804,0,0,13648.804,2026/6/1,LGT,,Liquidity,,USD account,Cash,Cash,,,
2026/6/1,202606,LGT SG,C,USD,USD,-1000,8.134,0.108655125,2026/6/15,1,-123.8657171,-123.8657171,0,0,-123.8657171,2026/6/1,LGT,YY0161425772,Derivatives,otc-p-share-opt,AAPL 183.015P 05/08/26,Option,Structured Product,,,
2026/6/1,202606,LGT SG,A,USD,USD,-300,15.6204,15.2150515,2026/6/15,1,-4564.514385,-4564.514385,0,0,-4564.514385,2026/6/1,LGT,YY0161989934,Derivatives,otc-p-share-opt,MSFT 488.1375C 25/2/27,Option,Structured Product,,,
2026/6/1,202606,LGT SG,A,USD,HKD,0.87,1,0,,0.12765197,0.88756954,0.1133,0,0,0.1133,2026/6/1,LGT,,Liquidity,,HKD account,Cash,Cash,,,
2026/6/1,202606,LGT SG,A,USD,USD,-8,13.5,13.51105789,2026/6/15,1,-9187.519364,-9187.519364,0,0,-9187.519364,2026/6/1,LGT,YY0162243257,Derivatives,share-opt,NVDA 205 P 18/09/26,Option,Structured Product,,,
2026/6/1,202606,LGT SG,C,USD,USD,-1000,14.1544,4.547509752,2026/6/15,1,-4047.286799,-4047.286799,0,0,-4047.286799,2026/6/1,LGT,YY0162025126,Derivatives,otc-p-share-opt,NVDA 148.6212P 9/03/27,Option,Structured Product,,,
2026/6/1,202606,LGT SG,C,USD,USD,-3,36,54.5672434,2026/6/15,1,-15224.26091,-15224.26091,0,0,-15224.26091,2026/6/1,LGT,YY0161547112,Derivatives,share-opt,META 630 P 18/09/26,Option,Structured Product,,,
2026/6/1,202606,LGT SG,C,USD,USD,-50,2.77,0.682416951,2026/6/15,1,-3514.4473,-3514.4473,0,0,-3514.4473,2026/6/1,LGT,YY0162082192,Derivatives,share-opt,IBIT 45 C 21/08/26,Option,Structured Product,,,
2026/6/1,202606,LGT SG,A,USD,USD,150000,100,86.9363447,2026/6/15,1,129100.4719,129100.4719,0,0,129100.4719,2026/6/1,LGT,XS3362086293,Equities,oth-hybrid,14.27 Nomura 26 FCN,FCN,Structured Product,,Nomura International Funding Pte Ltd 14.27 % 2026-17.09.2026 Fixed Coupon Notes linked to ALPHABET INC-CL C / NVIDIA CORP / TAIWAN SEMICONDUCTOR-SP ADR (Strike 297.872 / 172.696 / 339.856),
2026/6/1,202606,LGT SG,C,USD,USD,200000,100,76.79412999,2026/6/15,1,165875.3208,165875.3208,0,0,165875.3208,2026/6/1,LGT,XS3400880343,Equities,oth-hybrid,24 UBS 26 FCN,FCN,Structured Product,,,
2026/6/1,202606,LGT SG,A,USD,USD,-6,6.45,4.363404931,2026/6/15,1,-2696.584247,-2696.584247,0,0,-2696.584247,2026/6/1,LGT,YY0162265003,Derivatives,share-opt,NVDA 190 P 21/08/26,Option,Structured Product,,,
2026/6/1,202606,LGT SG,C,USD,USD,150000,100,105.1182402,2026/6/15,1,175021.8699,175021.8699,0,0,175021.8699,2026/6/1,LGT,XS3116181135,Equities,oth-hybrid,12 Nomura 27 FCN,FCN,Structured Product,,Nomura International Funding Pte Ltd 12 % 2025-05.01.2027 Fixed Coupon Notes linked to Equities Basket,NVIDIA Corporation;NVDA;Tesla Inc;TSLA;Meta Platforms Inc;META
2026/6/1,202606,LGT SG,C,USD,USD,-1000,9.54126,1.384496889,2026/6/15,1,-1384.491933,-1384.491933,0,0,-1384.491933,2026/6/1,LGT,YY0161516968,Derivatives,otc-p-share-opt,NVDA 144.8858P 10/9/26,Option,Structured Product,,,
2026/6/1,202606,LGT SG,C,USD,USD,-5,66.8,11.59129236,2026/6/15,1,-5274.038022,-5274.038022,0,0,-5274.038022,2026/6/1,LGT,YY0161787924,Derivatives,share-opt,TSLA 670 C 18/12/26,Option,Structured Product,,,
2026/6/1,202606,LGT SG,C,USD,USD,-3,31.0166667,35.49792463,2026/6/15,1,-9264.958329,-9264.958329,0,0,-9264.958329,2026/6/1,LGT,YY0162013056,Derivatives,share-opt,META 575 P 18/09/26,Option,Structured Product,,,
2026/6/1,202606,LGT SG,C,USD,USD,-1500,21.0375,31.89013754,2026/6/15,1,-39224.86977,-39224.86977,0,0,-39224.86977,2026/6/1,LGT,YY0160981924,Derivatives,otc-p-share-opt,NVDA 191.25C 05/02/27,Option,Structured Product,,,
2026/6/1,202606,LGT SG,A,USD,USD,200000,100,75.16732942,2026/6/15,1,169878.1644,169878.1644,0,0,169878.1644,2026/6/1,LGT,XS3165213714,Equities,oth-hybrid,12 Citi 26 FCN,FCN,Structured Product,,Citigroup Global Markets Funding Luxembourg S.C.A. 12 % 2026-31.08.2026 Fixed Coupon Notes linked to Equities Basket,Alphabet Inc;GOOG;Apple Inc;AAPL;NVIDIA Corporation;NVDA;Taiwan Semiconductor Manufacturing Company Limited;TSM
2026/6/1,202606,LGT SG,C,USD,USD,-2000,6.6983,3.046912495,2026/6/15,1,-6581.330989,-6581.330989,0,0,-6581.330989,2026/6/1,LGT,YY0162119853,Derivatives,otc-p-share-opt,NVDA 162.673P 14/10/26,Option,Structured Product,,,
2026/6/1,202606,LGT SG,C,USD,USD,-400,19.447675,22.21046883,2026/6/15,1,-9594.917869,-9594.917869,0,0,-9594.917869,2026/6/1,LGT,YY0162183719,Derivatives,otc-p-share-opt,META 522.6564P04/11/26,Option,Structured Product,,,
2026/6/1,202606,LGT SG,C,USD,USD,-300,36.1608,33.6091719,2026/6/15,1,-10687.71749,-10687.71749,0,0,-10687.71749,2026/6/1,LGT,YY0161724778,Derivatives,otc-p-share-opt,META 518.3048P20/11/26,Option,Structured Product,,,
2026/6/1,202606,LGT SG,A,USD,USD,-1000,5.3364,0.015071762,2026/6/15,1,-15.219727,-15.219727,0,0,-15.219727,2026/6/1,LGT,YY0162056071,Derivatives,otc-p-share-opt,NVDA 156.5344P18/06/26,Option,Structured Product,,,
2026/6/1,202606,LGT SG,C,USD,USD,-500,50.7216,5.703006831,2026/6/15,1,-3136.657354,-3136.657354,0,0,-3136.657354,2026/6/1,LGT,YY0161529342,Derivatives,otc-p-share-opt,TSLA 591.752C 15/09/26,Option,Structured Product,,,
2026/6/1,202606,LGT SG,C,USD,USD,-1000,8.807,1.322701244,2026/6/15,1,-1137.526169,-1137.526169,0,0,-1137.526169,2026/6/1,LGT,YY0161548797,Derivatives,otc-p-share-opt,NVDA 140.912P 18/09/26,Option,Structured Product,,,
2026/6/1,202606,LGT SG,C,USD,USD,-50,3.7,0.741405362,2026/6/15,1,-3966.518685,-3966.518685,0,0,-3966.518685,2026/6/1,LGT,YY0161891825,Derivatives,share-opt,IBIT 55 C 15/01/27,Option,Structured Product,,,
2026/6/1,202606,LGT SG,C,USD,USD,200000,100,118.4194062,2026/6/15,1,236838.8123,236838.8123,0,0,236838.8123,2026/6/1,LGT,XS3355441968,Equities,oth-hybrid,Var CSI 26 FCN,FCN,Structured Product,,,
2026/6/1,202606,LGT SG,C,USD,USD,150000,100,101.7307893,2026/6/15,1,134284.6419,134284.6419,0,0,134284.6419,2026/6/1,LGT,XS3361787628,Equities,oth-hybrid,Nomura Ct/R NVIDIA 26,BEN,Structured Product,,Nomura International Funding Pte Ltd Digital Coupon Note 2026-25.08.2026 linked to R NVIDIA (Strike 238.8826) Redemption amount 114.66 %,NVIDIA Corporation;NVDA
2026/6/1,202606,LGT SG,C,USD,USD,-500,52.4484,9.050144329,2026/6/15,1,-4660.827564,-4660.827564,0,0,-4660.827564,2026/6/1,LGT,YY0161607668,Derivatives,otc-p-share-opt,TSLA 611.898C 08/10/26,Option,Structured Product,,,
2026/6/1,202606,LGT SG,A,USD,USD,-500,11.54198,0.696249689,2026/6/15,1,-382.9388664,-382.9388664,0,0,-382.9388664,2026/6/1,LGT,YY0162078174,Derivatives,otc-p-share-opt,TSM 291.9442P 24/07/26,Option,Structured Product,,,
2026/6/1,202606,LGT SG,C,USD,USD,-10,21,10.95354676,2026/6/15,1,-11939.36597,-11939.36597,0,0,-11939.36597,2026/6/1,LGT,YY0162064752,Derivatives,share-opt,TSLA 430 C 17/07/26,Option,Structured Product,,,
2026/6/1,202606,LGT SG,A,USD,USD,-400,17.836,29.4540103,2026/6/15,1,-10485.62377,-10485.62377,0,0,-10485.62377,2026/6/1,LGT,YY0162228845,Derivatives,otc-p-share-opt,TSLA 383.474P 14/09/26,Option,Structured Product,,,
2026/6/1,202606,LGT SG,A,USD,USD,-800,9.6897625,0.012244763,2026/6/15,1,-8.427914556,-8.427914556,0,0,-8.427914556,2026/6/1,LGT,YY0161324876,Derivatives,otc-p-share-opt,AAPL 183.7017P 26/6/26,Option,Structured Product,,,
2026/6/1,202606,LGT SG,A,USD,USD,100000,102.463,114.2645961,2026/6/15,1,127976.3476,127976.3476,575.9105395,575.9105395,128621.3674,2026/6/1,LGT,US191216DS69,Bonds,straight-bond,5.3 Coca-Cola 54,Bond,Bond,,Coca-Cola Co 5.3 % 2024-13.05.2054,The Coca-Cola Company;KO
2026/6/1,202606,LGT SG,A,USD,USD,-800,21.804,9.421707338,2026/6/15,1,-8667.965219,-8667.965219,0,0,-8667.965219,2026/6/1,LGT,YY0161741483,Derivatives,otc-p-share-opt,NVDA 172.615P 25/11/26,Option,Structured Product,,,
2026/6/1,202606,LGT SG,A,USD,USD,-300,19.4476667,28.34875734,2026/6/15,1,-8249.492731,-8249.492731,0,0,-8249.492731,2026/6/1,LGT,YY0162183719,Derivatives,otc-p-share-opt,META 522.6564P04/11/26,Option,Structured Product,,,
2026/6/1,202606,LGT SG,C,USD,USD,-800,17.561625,8.48266413,2026/6/15,1,-7532.604037,-7532.604037,0,0,-7532.604037,2026/6/1,LGT,YY0161975784,Derivatives,otc-p-share-opt,TSLA 334.8962P 20/8/26,Option,Structured Product,,,
2026/6/1,202606,LGT SG,C,USD,USD,-50,9.4,11.52148924,2026/6/15,1,-66248.56312,-66248.56312,0,0,-66248.56312,2026/6/1,LGT,YY0161731013,Derivatives,share-opt,IBIT 50 P 16/10/26,Option,Structured Product,,,
2026/6/1,202606,LGT SG,B,USD,USD,17256.421,15.9692638,15.09690091,2026/6/15,1,296991.0691,296991.0691,0,0,296991.0691,2026/6/1,LGT,IE00B7KFL990,Bonds,bond-fund,Ut PIM Gl Inv Inc E,Fund,Fund,,PIMCO GIS-INCOME FUND-EA,
2026/6/1,202606,LGT SG,A,USD,USD,150000,100,100.7743375,2026/6/15,1,142091.8158,142091.8158,0,0,142091.8158,2026/6/1,LGT,XS3262943148,Equities,oth-hybrid,Barc Ct/R Microsoft 27,BEN,Structured Product,,Barclays Bank PLC Digital Coupon Notes 2026-01.03.2027 linked to MICROSOFT CORP (Strike 518.08576) Redemption Amount 124.48%,Microsoft Corporation;MSFT
2026/6/1,202606,LGT SG,C,USD,USD,-500,62.4897,86.83333278,2026/6/15,1,-44719.16739,-44719.16739,0,0,-44719.16739,2026/6/1,LGT,YY0161349998,Derivatives,otc-p-share-opt,TSLA 416.598C 09/07/27,Option,Structured Product,,,
2026/6/1,202606,LGT SG,A,USD,USD,150000,100,87.45126905,2026/6/15,1,140359.2869,140359.2869,0,0,140359.2869,2026/6/1,LGT,XS3362114848,Equities,oth-hybrid,18 Nomura 26 FCN,FCN,Structured Product,,Nomura International Funding Pte Ltd 18 % 2026-13.08.2026 Fixed Coupon Notes linked to ALPHABET INC-CL C / NVIDIA CORP / TAIWAN SEMICONDUCTOR-SP ADR (Strike 317.6028 / 174.9087 / 350.9262),Alphabet Inc;GOOG;NVIDIA Corporation;NVDA;Taiwan Semiconductor Manufacturing Company Limited;TSM
2026/6/1,202606,LGT SG,A,USD,USD,-300,40.6658333,16.46602037,2026/6/15,1,-5334.988707,-5334.988707,0,0,-5334.988707,2026/6/1,LGT,YY0161703921,Derivatives,otc-p-share-opt,TSLA 353.616P 12/11/26,Option,Structured Product,,,
2026/6/1,202606,LGT SG,A,USD,USD,-200,50.7216,5.419868728,2026/6/15,1,-921.3742127,-921.3742127,0,0,-921.3742127,2026/6/1,LGT,YY0161529342,Derivatives,otc-p-share-opt,TSLA 591.752C 15/09/26,Option,Structured Product,,,
2026/6/1,202606,LGT SG,A,USD,USD,-400,18.312,4.833467637,2026/6/15,1,-2281.394379,-2281.394379,0,0,-2281.394379,2026/6/1,LGT,YY0161737275,Derivatives,otc-p-share-opt,GOOG 274.68P 25/11/26,Option,Structured Product,,,
2026/6/1,202606,LGT SG,A,USD,USD,-600,6.7180833,0.432192027,2026/6/15,1,-272.2859421,-272.2859421,0,0,-272.2859421,2026/6/1,LGT,YY0161435599,Derivatives,otc-p-share-opt,NVDA 136.1775P 7/08/26,Option,Structured Product,,,
2026/6/1,202606,LGT SG,C,USD,USD,-500,34.47756,12.94023171,2026/6/15,1,-5693.702304,-5693.702304,0,0,-5693.702304,2026/6/1,LGT,YY0161703939,Derivatives,otc-p-share-opt,TSLA 331.515P 12/11/26,Option,Structured Product,,,
2026/6/1,202606,LGT SG,A,USD,USD,-200,72.4605,30.96799937,2026/6/15,1,-5636.176787,-5636.176787,0,0,-5636.176787,2026/6/1,LGT,YY0161002621,Derivatives,otc-p-share-opt,TSLA 540.75C 12/02/27,Option,Structured Product,,,
2026/6/1,202606,LGT SG,C,USD,USD,-6,12.85,0.491449233,2026/6/15,1,-294.8695396,-294.8695396,0,0,-294.8695396,2026/6/1,LGT,YY0162171821,Derivatives,share-opt,AMD 270 P 17/07/26,Option,Structured Product,,,
2026/6/1,202606,LGT SG,B,USD,USD,100000,94.885,110.9443941,2026/6/15,1,97631.06681,97631.06681,808.589428,808.589428,98342.62557,2026/6/1,LGT,US10373QBL32,Bonds,straight-bond,3.633 BP Cap US 30,Bond,Bond,,"3.633 % NOTES BP CAPITAL MARKETS 3.633 % NOTES BP CAPITAL MARKETS AMERICA INC 2020-06.04.30 GTD US10373QBL32 USD 1,000,000 95.48",BP Capital Markets America Inc;182299Z US
2026/6/1,202606,LGT SG,C,USD,USD,150000,100,98.73038439,2026/6/15,1,174752.7804,174752.7804,0,0,174752.7804,2026/6/1,LGT,XS3305488861,Equities,oth-hybrid,Barc Ct/R Tesla 26,BEN,Structured Product,,Barclays Bank PLC Digital Coupon Notes 2026-18.08.2026 linked to TESLA (Strike 361.5) Redemption Amount 120.61%,Tesla Inc;TSLA
2026/6/1,202606,LGT SG,A,USD,USD,-350,23.9221429,20.50656637,2026/6/15,1,-8038.572219,-8038.572219,0,0,-8038.572219,2026/6/1,LGT,YY0162114698,Derivatives,otc-p-share-opt,META 541.3958P13/10/26,Option,Structured Product,,,
2026/6/1,202606,LGT SG,A,USD,USD,400,193.112125,369.8634022,2026/6/16,1,147945.3609,147945.3609,0,0,147945.3609,2026/6/1,LGT,US02079K1079,Equities,reg-share,R Alphabet C,Equity,Equity,,Reg.shs-C-AlphabetInc. nonvoting (GOOG) ISINUS02079K1079-股票代號GOOG,Alphabet Inc;GOOG
2026/6/1,202606,LGT SG,C,USD,USD,-619907.83,1,0,,1,-694296.7696,-694296.7696,0,0,-694296.7696,2026/6/1,LGT,,Liquidity,,USD account,Cash,Cash,,,
2026/6/1,202606,LGT SG,A,USD,USD,-600,20.95875,263.1330737,2026/6/15,1,-151564.6554,-151564.6554,0,0,-151564.6554,2026/6/1,LGT,YY0161103148,Derivatives,otc-p-share-opt,TSM 236.925C 25/03/27,Option,Structured Product,,,
2026/6/1,202606,LGT SG,C,USD,USD,-15,19.6533333,6.099536042,2026/6/15,1,-7868.401494,-7868.401494,0,0,-7868.401494,2026/6/1,LGT,YY0162053706,Derivatives,share-opt,NVDA 170 P 20/11/26,Option,Structured Product,,,
2026/6/1,202606,LGT SG,C,USD,USD,400000,100,85.8552971,2026/6/15,1,274736.9507,274736.9507,0,0,274736.9507,2026/6/1,LGT,XS3355557672,Equities,oth-hybrid,CSI Ct/R Tesla 26,FCN,Structured Product,,CSI FINANCIAL PRODUCTS LTD Digital Coupon Note 2026-16.12.2026 linked to R Tesla (Strike 439.58) Redemption amount 129.8 %,
2026/6/1,202606,LGT SG,A,USD,USD,200000,100,108.5442842,2026/6/15,1,217088.5685,217088.5685,0,0,217088.5685,2026/6/1,LGT,XS3352165396,Equities,oth-hybrid,15 CSI 26 FCN,FCN,Structured Product,,CSI FINANCIAL PRODUCTS LTD 15 % 2026-14.09.2026 Fixed Coupon Notes linked to Equities Basket,NVIDIA Corporation;NVDA;Meta Platforms Inc;META;Tesla Inc;TSLA;Taiwan Semiconductor Manufacturing Company Limited;TSM
2026/6/1,202606,LGT SG,C,USD,USD,-10,18.5,0.078398444,2026/6/15,1,-80.75039767,-80.75039767,0,0,-80.75039767,2026/6/1,LGT,YY0161997580,Derivatives,share-opt,TSLA 480 C 18/06/26,Option,Structured Product,,,
2026/6/1,202606,LGT SG,A,USD,USD,200000,96.588,95.26987604,2026/6/15,1,209593.7273,209593.7273,3475.932874,3475.932874,213417.2535,2026/6/1,LGT,USH42097DL81,Bonds,straight-bond,4.988 UBS Grp 33,Bond,Bond,,0 Instrument UBS Group Inc. 4.988 % 2022-05.08.2033 Reg-S-,UBS Group AG;UBSG.SW
2026/6/1,202606,LGT SG,C,USD,USD,-12,6.95,0.068912852,2026/6/15,1,-75.25283416,-75.25283416,0,0,-75.25283416,2026/6/1,LGT,YY0161995691,Derivatives,share-opt,NVDA 188 P 18/06/26,Option,Structured Product,,,
2026/6/1,202606,LGT SG,A,USD,USD,-800,5.985,3.064691727,2026/6/15,1,-2133.026472,-2133.026472,0,0,-2133.026472,2026/6/1,LGT,YY0162183784,Derivatives,otc-p-share-opt,NVDA 171.57P 04/09/26,Option,Structured Product,,,
2026/6/1,202606,LGT SG,A,USD,USD,1230,418.4856911,410.6389682,2026/6/15,1,540441.9461,540441.9461,0,0,540441.9461,2026/6/1,LGT,US5949181045,Equities,reg-share,R Microsoft,Equity,Equity,,REGISTERED SHS MICROSOFT CORP US5949181045 1000 USD 153.5 NASDAQ,Microsoft Corporation;MSFT
2026/6/1,202606,LGT SG,C,USD,USD,-1500,19.70972,37.92157593,2026/6/15,1,-58020.0101,-58020.0101,0,0,-58020.0101,2026/6/1,LGT,YY0161230263,Derivatives,otc-p-share-opt,NVDA 185.192 C 21/5/27,Option,Structured Product,,,
2026/6/1,202606,LGT SG,C,USD,USD,-3,62.1,122.3339876,2026/6/15,1,-31562.1688,-31562.1688,0,0,-31562.1688,2026/6/1,LGT,YY0162151914,Derivatives,share-opt,TSM 500 C 21/01/28,Option,Structured Product,,,
2026/6/1,202606,LGT SG,C,USD,USD,-600,9.624,6.057760912,2026/6/15,1,-3889.078773,-3889.078773,0,0,-3889.078773,2026/6/1,LGT,YY0162253470,Derivatives,otc-p-share-opt,TSM 344.86P 21/08/26,Option,Structured Product,,,
2026/6/1,202606,LGT SG,C,USD,USD,-600,10.2200833,17.59799445,2026/6/15,1,-12142.61957,-12142.61957,0,0,-12142.61957,2026/6/1,LGT,YY0162123962,Derivatives,otc-p-share-opt,NVDA 226.021C 15/10/26,Option,Structured Product,,,
2026/6/1,202606,LGT SG,C,USD,USD,-708,8.3960028,45.04879803,2026/6/15,1,-30299.81934,-30299.81934,0,0,-30299.81934,2026/6/1,LGT,YY0161361076,Derivatives,otc-p-share-opt,AAPL 247.682C 14/07/26,Option,Structured Product,,,
2026/6/1,202606,LGT SG,C,USD,USD,-10,17.08333,43.98741802,2026/6/15,1,-36069.68278,-36069.68278,0,0,-36069.68278,2026/6/1,LGT,YY0160957874,Derivatives,share-opt,NVDA 200 C 18/12/26,Option,Structured Product,,The Options Clearing Corp OCC Option NVDA 200 Call 18 December 2026 100,NVIDIA Corporation;NVDA
2026/6/1,202606,LGT SG,C,USD,USD,-5,44.6,0.025281931,2026/6/15,1,-11.12404981,-11.12404981,0,0,-11.12404981,2026/6/1,LGT,YY0161787916,Derivatives,share-opt,TSLA 610 C 18/06/26,Option,Structured Product,,,
2026/6/1,202606,LGT SG,A,USD,USD,1400,294.5301571,453.7524718,2026/6/16,1,520907.8376,520907.8376,0,0,520907.8376,2026/6/1,LGT,US88160R1014,Equities,reg-share,R Tesla,Equity,Equity,,TESLA MOTORS,Tesla Inc;TSLA
2026/6/1,202606,LGT SG,A,USD,USD,150000,100,71.74848341,2026/6/15,1,86098.18008,86098.18008,0,0,86098.18008,2026/6/1,LGT,XS3361702908,Equities,oth-hybrid,18 Nomura 26 FCN,FCN,Structured Product,,Nomura International Funding Pte Ltd 18 % 2026-22.07.2026 Fixed Coupon Notes linked to Equities Basket,Apple Inc;AAPL;Alphabet Inc;GOOG;NVIDIA Corporation;NVDA;Taiwan Semiconductor Manufacturing Company Limited;TSM
2026/6/1,202606,LGT SG,A,USD,USD,-4,19.5,18.58434203,2026/6/15,1,-6616.025764,-6616.025764,0,0,-6616.025764,2026/6/1,LGT,YY0162203517,Derivatives,share-opt,MSFT 390 P 18/09/26,Option,Structured Product,,,
2026/6/1,202606,LGT SG,A,USD,USD,-1000,12.58,5.065842183,2026/6/15,1,-4356.624277,-4356.624277,0,0,-4356.624277,2026/6/1,LGT,YY0162050108,Derivatives,otc-p-share-opt,NVDA 159.1P 17/12/26,Option,Structured Product,,,
2026/6/1,202606,LGT SG,A,USD,USD,150000,100,126.4494889,2026/6/15,1,189674.2333,189674.2333,0,0,189674.2333,2026/6/1,LGT,XS3298428940,Equities,oth-hybrid,12 UBS 26 FCN,FCN,Structured Product,FCN7891,(UBS) GOOG-227.5455 NVDA-136.7488 META-482.2402 TSM-257.0952,Alphabet Inc;GOOG;NVIDIA Corporation;NVDA;Meta Platforms Inc;META;Taiwan Semiconductor Manufacturing Company Limited;TSM
2026/6/1,202606,LGT SG,C,USD,USD,-400,20.2235,23.59249786,2026/6/15,1,-7738.337808,-7738.337808,0,0,-7738.337808,2026/6/1,LGT,YY0161946546,Derivatives,otc-p-share-opt,MSFT 485.364C 09/02/27,Option,Structured Product,,,
2026/6/1,202606,LGT SG,A,USD,USD,-200,21.08125,16.53329409,2026/6/15,1,-3769.592829,-3769.592829,0,0,-3769.592829,2026/6/1,LGT,YY0161925359,Derivatives,otc-p-share-opt,MSFT 516.276C 02/02/27,Option,Structured Product,,,
2026/6/1,202606,LGT SG,C,USD,USD,-50,4.1,2.084454018,2026/6/15,1,-10734.93819,-10734.93819,0,0,-10734.93819,2026/6/1,LGT,YY0161936091,Derivatives,share-opt,IBIT 50 C 15/01/27,Option,Structured Product,,,
2026/6/1,202606,LGT SG,C,USD,USD,-600,18.312,3.546193941,2026/6/15,1,-2297.93525,-2297.93525,0,0,-2297.93525,2026/6/1,LGT,YY0161737275,Derivatives,otc-p-share-opt,GOOG 274.68P 25/11/26,Option,Structured Product,,,
2026/6/1,202606,LGT SG,A,USD,USD,-500,17.34752,19.45984576,2026/6/15,1,-9827.218831,-9827.218831,0,0,-9827.218831,2026/6/1,LGT,EZ0Y6T0MJWJ0,Derivatives,otc-p-share-opt,NVDA 235.7C 07/01/27,Option,Structured Product,,,
2026/6/1,202606,LGT SG,A,USD,USD,-400,22.89,18.57485888,2026/6/15,1,-6686.950119,-6686.950119,0,0,-6686.950119,2026/6/1,LGT,YY0161737283,Derivatives,otc-p-share-opt,GOOG 408.75C 25/11/26,Option,Structured Product,,,
2026/6/1,202606,LGT SG,A,USD,USD,-496654.89,1,0,,1,-427123.2054,-427123.2054,0,0,-427123.2054,2026/6/1,LGT,,Liquidity,,USD account,Cash,Cash,,,
2026/6/1,202606,LGT SG,C,USD,USD,-500,20.384,5.843474242,2026/6/15,1,-3009.386192,-3009.386192,0,0,-3009.386192,2026/6/1,LGT,YY0162101604,Derivatives,otc-p-share-opt,TSLA 309.4P 08/10/26,Option,Structured Product,,,
2026/6/1,202606,LGT SG,A,USD,USD,-8,13.5,16.86338182,2026/6/15,1,-14165.24072,-14165.24072,0,0,-14165.24072,2026/6/1,LGT,YY0162251425,Derivatives,share-opt,NVDA 190 P 18/12/26,Option,Structured Product,,,
2026/6/1,202606,LGT SG,C,USD,USD,-6,10.4,1.366902012,2026/6/15,1,-926.7595641,-926.7595641,0,0,-926.7595641,2026/6/1,LGT,YY0162049324,Derivatives,share-opt,GOOG 260 P 18/09/26,Option,Structured Product,,,
2026/6/1,202606,LGT SG,A,USD,USD,100000,100,117.9011641,2026/6/15,1,136765.3504,136765.3504,0,0,136765.3504,2026/6/1,LGT,XS3361879409,Equities,oth-hybrid,17.15 Nomura 26 FCN,FCN,Structured Product,,Nomura International Funding Pte Ltd 17.15 % 2026-28.09.2026 Fixed Coupon Notes linked to NVIDIA CORP / TESLA INC / TAIWAN SEMICONDUCTOR-SP ADR (Strike 168.75 / 328.335 / 298.575),NVIDIA Corporation;NVDA;Tesla Inc;TSLA;Taiwan Semiconductor Manufacturing Company Limited;TSM
2026/6/1,202606,LGT SG,C,USD,USD,250000,100,126.656305,2026/6/12,1,351471.2465,351471.2465,0,0,351471.2465,2026/6/1,LGT,XS3361650834,Equities,oth-hybrid,24 Nomura 26 FCN,FCN,Structured Product,,Nomura International Funding Pte Ltd 24 % 2026-17.08.2026 Fixed Coupon Notes linked to ADVANCED MICRO DEVICES / INTEL CORP / TAIWAN SEMICONDUCTOR-SP ADR (Strike 228.5211 / 60.4505 / 275.5085),Advanced Micro Devices Inc;AMD;Intel Corporation;INTC;Taiwan Semiconductor Manufacturing Company Limited;TSM
2026/6/1,202606,LGT SG,C,USD,USD,-8,13.25,2.960368204,2026/6/15,1,-2605.124019,-2605.124019,0,0,-2605.124019,2026/6/1,LGT,YY0162171839,Derivatives,share-opt,AMD 240 P 18/09/26,Option,Structured Product,,,
2026/6/1,202606,LGT SG,A,USD,USD,-600,25.37355,31.27508088,2026/6/15,1,-16513.24031,-16513.24031,0,0,-16513.24031,2026/6/1,LGT,YY0161937859,Derivatives,otc-p-share-opt,NVDA 262.485C 04/02/28,Option,Structured Product,,,
2026/6/1,202606,LGT SG,A,USD,USD,150000,100,90.71657279,2026/6/15,1,146960.8479,146960.8479,0,0,146960.8479,2026/6/1,LGT,XS3362040209,Equities,oth-hybrid,20 Nomura 27 FCN,FCN,Structured Product,,Nomura International Funding Pte Ltd 20 % 2026-28.05.2026 Fixed Coupon Notes linked to Equities Basket,NVIDIA Corporation;NVDA;Meta Platforms Inc;META;Tesla Inc;TSLA;Taiwan Semiconductor Manufacturing Company Limited;TSM
2026/6/1,202606,LGT SG,A,USD,USD,100000,100,90.6864864,2026/6/15,1,79804.10803,79804.10803,0,0,79804.10803,2026/6/1,LGT,XS3156725205,Equities,oth-hybrid,Citi Ct/R NVIDIA 27,BEN,Structured Product,,Citigroup Global Markets Funding Luxembourg S.C.A. Bonus-Cert. 2026-02.02.2027 linked to NVIDIA CORP (Strike 256.4886),NVIDIA Corporation;NVDA
2026/6/1,202606,LGT SG,A,USD,HKD,-18177610.38,1,0,,0.12765197,-14542088.27,-1856326.216,-1548.63,-1548.63,-1857565.12,2026/6/1,LGT,,Credit,,"Fixed Advance HKD, 3.48%, 09.0",TL,Spot/FX/Deposit/Loans,,,
2026/6/1,202606,LGT SG,C,USD,USD,-10,13.8,16.76498682,2026/6/15,1,-18273.83563,-18273.83563,0,0,-18273.83563,2026/6/1,LGT,YY0162251409,Derivatives,share-opt,NVDA 195 P 20/11/26,Option,Structured Product,,,
2026/6/1,202606,LGT SG,C,USD,USD,-30,3.3,0.741882116,2026/6/15,1,-2626.262691,-2626.262691,0,0,-2626.262691,2026/6/1,LGT,YY0162103477,Derivatives,share-opt,IBIT 46 C 18/09/26,Option,Structured Product,,,
2026/6/1,202606,LGT SG,C,USD,USD,-10,12,11.08927645,2026/6/15,1,-9758.563276,-9758.563276,0,0,-9758.563276,2026/6/1,LGT,YY0162226252,Derivatives,share-opt,NVDA 200 P 18/09/26,Option,Structured Product,,,
2026/6/1,202606,LGT SG,C,USD,USD,-6,13,0.762745207,2026/6/15,1,-416.4588827,-416.4588827,0,0,-416.4588827,2026/6/1,LGT,YY0162013049,Derivatives,share-opt,GOOG 265 P 21/08/26,Option,Structured Product,,,
2026/6/1,202606,LGT SG,A,USD,USD,500,215.87,264.9333767,2026/6/16,1,108622.6844,108622.6844,0,0,108622.6844,2026/6/1,LGT,US67066G1040,Equities,reg-share,R NVIDIA,Equity,Equity,NVDA,NVIDIA C,NVIDIA Corporation;NVDA
2026/6/1,202606,LGT SG,C,USD,USD,-10,14.34,12.72326473,2026/6/15,1,-12596.03208,-12596.03208,0,0,-12596.03208,2026/6/1,LGT,YY0162243257,Derivatives,share-opt,NVDA 205 P 18/09/26,Option,Structured Product,,,
2026/6/1,202606,LGT SG,A,USD,USD,11154.278,16.1373053,21.38976946,2026/6/15,1,224272.1934,224272.1934,0,0,224272.1934,2026/6/1,LGT,IE00BF47CT44,Bonds,bond-fund,Ut Jup Fin Conti A,Fund,Fund,,Jupiter Financials Contingent,
2026/6/1,202606,LGT SG,B,USD,USD,258.654,209.3754591,381.3535897,2026/6/15,1,105543.3338,105543.3338,0,0,105543.3338,2026/6/1,LGT,LU0070992663,Equities,share-fund,Ut JH Hz Gl TechL A2,Fund,Fund,539377,Janus Henderson Horizon Fd SICAV - Global Technology Leaders Fund A2-capitalisation,
2026/6/1,202606,LGT SG,C,USD,USD,-600,32.78025,11.03366189,2026/6/15,1,-7282.217285,-7282.217285,0,0,-7282.217285,2026/6/1,LGT,YY0161607759,Derivatives,otc-p-share-opt,TSLA 327.8025P 8/10/26,Option,Structured Product,,,
2026/6/1,202606,LGT SG,A,USD,USD,-800,6.6983,2.684821224,2026/6/15,1,-1825.677233,-1825.677233,0,0,-1825.677233,2026/6/1,LGT,YY0162119853,Derivatives,otc-p-share-opt,NVDA 162.673P 14/10/26,Option,Structured Product,,,
2026/6/1,202606,LGT SG,C,USD,USD,250000,100,112.0402466,2026/6/15,1,330518.7274,330518.7274,0,0,330518.7274,2026/6/1,LGT,XS3305466461,Equities,oth-hybrid,Barc Ct/R NVIDIA 26,BEN,Structured Product,,Barclays Bank PLC Digital Coupon Notes 2026-17.08.2026 linked to NVIDIA CORP (Strike 168.75) Redemption Amount 118.12%,NVIDIA Corporation;NVDA
2026/6/1,202606,LGT SG,C,USD,USD,-1500,15.1256,14.6977977,2026/6/15,1,-24251.36663,-24251.36663,0,0,-24251.36663,2026/6/1,LGT,YY0161867015,Derivatives,otc-p-share-opt,NVDA 245.791C 15/01/27,Option,Structured Product,,,
2026/6/1,202606,LGT SG,C,USD,USD,-1000,18.0614,9.766594259,2026/6/15,1,-10743.25621,-10743.25621,0,0,-10743.25621,2026/6/1,LGT,YY0161947320,Derivatives,otc-p-share-opt,NVDA 162.184P 09/02/27,Option,Structured Product,,,
2026/6/1,202606,LGT SG,A,USD,USD,1506,0,-1.212525797,2026/6/15,1,-1826.068642,-1826.068642,0,0,-1826.068642,2026/6/1,LGT,YY0162292981,Derivatives,accum-otc,NVDA Jun 27 177.0088,Equity AQ,Structured Product,YY0162292981,"R NVIDIA (994529) (the ""Share"")",
2026/6/1,202606,LGT SG,A,USD,USD,100000,100,101.0838385,2026/6/15,1,119278.9294,119278.9294,0,0,119278.9294,2026/6/1,LGT,CH1568572270,Equities,oth-hybrid,18 Vont 26 RCv,FCN,Structured Product,,Vontobel Financial Products Ltd 18 % 2026-11.09.2026 Reverse Conv. linked to Equities Basket,Alphabet Inc;GOOG;Apple Inc;AAPL;NVIDIA Corporation;NVDA;Taiwan Semiconductor Manufacturing Company Limited;TSM
2026/6/1,202606,LGT SG,C,USD,USD,-1000,14.11056,15.11543306,2026/6/15,1,-14208.51305,-14208.51305,0,0,-14208.51305,2026/6/1,LGT,YY0161726047,Derivatives,otc-p-share-opt,NVDA 254.774C 20/11/26,Option,Structured Product,,,
2026/6/1,202606,LGT SG,C,USD,USD,-8,24,0.227977602,2026/6/15,1,-149.5533071,-149.5533071,0,0,-149.5533071,2026/6/1,LGT,YY0161997689,Derivatives,share-opt,TSLA 460 C 18/06/26,Option,Structured Product,,,
2026/6/1,202606,LGT SG,A,USD,USD,100000,100,78.55548244,2026/6/15,1,88767.69516,88767.69516,0,0,88767.69516,2026/6/1,LGT,XS3400880343,Equities,oth-hybrid,24 UBS 26 FCN,FCN,Structured Product,,,
2026/6/1,202606,LGT SG,C,USD,USD,-2000,17.34752,23.22414891,2026/6/15,1,-54808.98621,-54808.98621,0,0,-54808.98621,2026/6/1,LGT,EZ0Y6T0MJWJ0,Derivatives,otc-p-share-opt,NVDA 235.7C 07/01/27,Option,Structured Product,,,
2026/6/1,202606,LGT SG,C,USD,USD,-1000,19.1055,64.99323952,2026/6/15,1,-68242.90677,-68242.90677,0,0,-68242.90677,2026/6/1,LGT,YY0161251418,Derivatives,otc-p-share-opt,NVDA 189.7C 02/06/27,Option,Structured Product,,,
2026/6/1,202606,LGT SG,C,USD,USD,-25,9.836,9.842748204,2026/6/15,1,-28543.96979,-28543.96979,0,0,-28543.96979,2026/6/1,LGT,YY0162049746,Derivatives,share-opt,NVDA 200 P 21/08/26,Option,Structured Product,,,
2026/6/1,202606,LGT SG,C,USD,USD,-8,11.05,0.021032355,2026/6/15,1,-18.3402136,-18.3402136,0,0,-18.3402136,2026/6/1,LGT,YY0162037881,Derivatives,share-opt,TSM 280 P 18/06/26,Option,Structured Product,,,
2026/6/1,202606,LGT SG,C,USD,USD,-10,29,22.21825314,2026/6/15,1,-18441.15011,-18441.15011,0,0,-18441.15011,2026/6/1,LGT,YY0162226294,Derivatives,share-opt,TSLA 365 P 18/12/26,Option,Structured Product,,,
2026/6/1,202606,LGT SG,A,USD,USD,150000,100,106.7306284,2026/6/15,1,128076.7541,128076.7541,0,0,128076.7541,2026/6/1,LGT,CH1568580398,Equities,oth-hybrid,15 Vont 26 FCN,FCN,Structured Product,,Vontobel Financial Products Ltd 15 % 2026-14.08.2026 Fixed Coupon Notes linked to Equities Basket,
2026/6/1,202606,LGT SG,A,USD,USD,200000,99.0948,105.6389424,2026/6/16,1,207052.3271,207052.3271,5397.712213,5397.712213,212342.0852,2026/6/1,LGT,XS2852920342,Bonds,straight-bond,5.95 CathayLife SG 34,Bond,Bond,,CathayLife Singapore Pte. Ltd. 5.95 % 2024-05.07.2034 Eurobond,Cathaylife Singapore Pte Ltd;2455303D SP
2026/6/1,202606,LGT SG,C,USD,USD,-15,9.2,1.437372961,2026/6/15,1,-2048.25647,-2048.25647,0,0,-2048.25647,2026/6/1,LGT,YY0162148266,Derivatives,share-opt,NVDA 190 P 17/07/26,Option,Structured Product,,,
2026/6/1,202606,LGT SG,A,USD,USD,150000,100,126.1070675,2026/6/15,1,217534.6915,217534.6915,0,0,217534.6915,2026/6/1,LGT,CH1568572312,Equities,oth-hybrid,15 Vont 26 RCv,FCN,Structured Product,,Vontobel Financial Products Ltd 15 % 2026-11.09.2026 Reverse Conv. linked to Equities Basket,Alphabet Inc;GOOG;Apple Inc;AAPL;NVIDIA Corporation;NVDA;Taiwan Semiconductor Manufacturing Company Limited;TSM
2026/6/1,202606,LGT SG,A,USD,USD,-600,9.269,49.14256835,2026/6/15,1,-30075.25098,-30075.25098,0,0,-30075.25098,2026/6/1,LGT,YY0161306857,Derivatives,otc-p-share-opt,AAPL 237.77C 23/06/26,Option,Structured Product,,,
2026/6/1,202606,LGT SG,C,USD,USD,-1000,15.52,11.61349002,2026/6/15,1,-12774.8452,-12774.8452,0,0,-12774.8452,2026/6/1,LGT,YY0161996467,Derivatives,otc-p-share-opt,NVDA 166.84P 26/02/27,Option,Structured Product,,,
2026/6/1,202606,LGT SG,A,USD,USD,-800,15.8704,7.07052351,2026/6/15,1,-5939.239209,-5939.239209,0,0,-5939.239209,2026/6/1,LGT,YY0161794078,Derivatives,otc-p-share-opt,NVDA 156.96P 18/12/26,Option,Structured Product,,,
2026/6/1,202606,LGT SG,C,USD,USD,-800,26.16,15.74982064,2026/6/15,1,-15119.82668,-15119.82668,0,0,-15119.82668,2026/6/1,LGT,YY0162034177,Derivatives,otc-p-share-opt,TSM 292.992P 10/03/27,Option,Structured Product,,,
2026/6/1,202606,LGT SG,C,USD,USD,50,476.87,411.0540642,2026/6/16,1,17469.79773,17469.79773,0,0,17469.79773,2026/6/1,LGT,US0846707026,Equities,reg-share,R Berkshire B,Equity,Equity,10926529,Reg.shs -B- Berkshire Hathaway (BRK.B),Berkshire Hathaway Inc;BRK-B
2026/6/1,202606,LGT SG,C,USD,USD,200000,100,91.91066905,2026/6/16,1,156248.1374,156248.1374,0,0,156248.1374,2026/6/1,LGT,XS3355433437,Equities,el-notes,Var CSI 26 ELN,Equity,Equity,,,
2026/6/1,202606,LGT SG,A,USD,USD,3000,148.61257,228.0508421,2026/6/16,1,581529.6473,581529.6473,0,0,581529.6473,2026/6/1,LGT,US67066G1040,Equities,reg-share,R NVIDIA,Equity,Equity,NVDA,NVIDIA C,NVIDIA Corporation;NVDA
2026/6/1,202606,LGT SG,C,USD,USD,1208,204.8172682,262.9799178,2026/6/16,1,308149.3484,308149.3484,0,0,308149.3484,2026/6/1,LGT,US0378331005,Equities,reg-share,R Apple,Equity,Equity,908440,Reg.shs Apple Inc. Distribution: 13.05.2021 Distribution amount: USD 0.22 Valor 908440 - Symbol AAPL,Apple Inc;AAPL
2026/6/1,202606,LGT SG,C,USD,USD,100000,100,69.84818763,2026/6/15,1,71245.15138,71245.15138,0,0,71245.15138,2026/6/1,LGT,XS3352308251,Equities,oth-hybrid,CSI Ct/R NVIDIA 26,BEN,Structured Product,,CSI FINANCIAL PRODUCTS LTD Digital Coupon Note 2026-26.08.2026 linked to R NVIDIA (Strike 213.24) Redemption amount 116.57 %,NVIDIA Corporation;NVDA
2026/6/1,202606,LGT SG,C,USD,USD,-500,49.7172,6.441730507,2026/6/15,1,-3253.078148,-3253.078148,0,0,-3253.078148,2026/6/1,LGT,YY0161533880,Derivatives,otc-p-share-opt,TSLA 580.034C 16/09/26,Option,Structured Product,,,
2026/6/1,202606,LGT SG,B,USD,USD,200000,102.279,88.17096645,2026/6/15,1,192212.7069,192212.7069,44.81936498,44.81936498,192261.56,2026/6/1,LGT,US46647PDF09,Bonds,float-bond,FLR JPM 30,Bond,Bond,,JPMORGAN CHASE & CO NOTES 2022−14.06.30 FLOATING RATE,JPMorgan Chase & Co.;JPM
2026/6/1,202606,LGT SG,C,USD,USD,1506,0,-0.711768954,2026/6/15,1,-1018.328287,-1018.328287,0,0,-1018.328287,2026/6/1,LGT,YY0162295406,Derivatives,accum-otc,TSM Jun 27 348.3373,Equity AQ,Structured Product,YY0162295406,"R Taiwan Semi /ADR (724641) (the ""Share"")",
2026/6/1,202606,LGT SG,C,USD,USD,-8,10,0.448378393,2026/6/15,1,-297.723253,-297.723253,0,0,-297.723253,2026/6/1,LGT,YY0162151823,Derivatives,share-opt,AMD 240 P 17/07/26,Option,Structured Product,,,
2026/6/1,202606,LGT SG,C,USD,USD,-10,25.01,11.4126935,2026/6/15,1,-12896.34366,-12896.34366,0,0,-12896.34366,2026/6/1,LGT,YY0161997630,Derivatives,share-opt,TSLA 310 P 18/12/26,Option,Structured Product,,,
2026/6/1,202606,LGT SG,A,USD,USD,-1200,19.516,40.37329461,2026/6/15,1,-53292.74567,-53292.74567,0,0,-53292.74567,2026/6/1,LGT,YY0160970760,Derivatives,otc-p-share-opt,NVDA 172.2C 03/02/27,Option,Structured Product,,,
2026/6/1,202606,LGT SG,A,USD,USD,100000,100,104.3882856,2026/6/15,1,98124.98846,98124.98846,0,0,98124.98846,2026/6/1,LGT,XS3173369771,Equities,oth-hybrid,12 CSI 26 FCN,FCN,Structured Product,,CSI FINANCIAL PRODUCTS LTD 12 % 2025-09.07.2026 Fixed Coupon Notes linked to Equities Basket,NVIDIA Corporation;NVDA;Meta Platforms Inc;META;Tesla Inc;TSLA;Taiwan Semiconductor Manufacturing Company Limited;TSM
2026/6/1,202606,LGT SG,C,USD,USD,-600,22.89,25.56154382,2026/6/15,1,-13649.86105,-13649.86105,0,0,-13649.86105,2026/6/1,LGT,YY0161737283,Derivatives,otc-p-share-opt,GOOG 408.75C 25/11/26,Option,Structured Product,,,
2026/6/1,202606,LGT SG,B,USD,USD,229634.6,1,0,,1,236523.638,236523.638,118.26,118.26,236645.4458,2026/6/1,LGT,SG.2030792,Short-term investments,,Deposit - Money Market Fixed T,TD,Spot/FX/Deposit/Loans,,,
2026/6/1,202606,LGT SG,C,USD,USD,-10,13.5,10.57043948,2026/6/15,1,-10147.6219,-10147.6219,0,0,-10147.6219,2026/6/1,LGT,YY0162251425,Derivatives,share-opt,NVDA 190 P 18/12/26,Option,Structured Product,,,
2026/6/1,202606,LGT SG,A,USD,USD,100000,100,73.99525742,2026/6/15,1,62895.96881,62895.96881,0,0,62895.96881,2026/6/1,LGT,XS3357767980,Equities,oth-hybrid,Barc Ct/R NVIDIA 27,BEN,Structured Product,,Barclays Bank PLC Digital Coupon Note 2026-28.05.2027 linked to R NVIDIA (Strike 301.58403) Redemption amount 138.05 %,NVIDIA Corporation;NVDA
2026/6/1,202606,LGT SG,A,USD,USD,1200,175.0157167,414.8772497,2026/6/16,1,398282.1597,398282.1597,0,0,398282.1597,2026/6/1,LGT,US8740391003,Equities,reg-share,R Taiwan Semi /ADR,Equity,Equity,TSM,TAIWAN SEMI-ADR,Taiwan Semiconductor Manufacturing Company Limited;TSM
2026/6/1,202606,LGT SG,A,USD,USD,-300,34.5492,6.224413764,2026/6/15,1,-1531.208384,-1531.208384,0,0,-1531.208384,2026/6/1,LGT,YY0161328273,Derivatives,otc-p-share-opt,TSLA 447.86C 30/06/26,Option,Structured Product,,,
2026/6/1,202606,LGT SG,C,USD,USD,-20,8,6.738644484,2026/6/15,1,-12668.65163,-12668.65163,0,0,-12668.65163,2026/6/1,LGT,YY0162198089,Derivatives,share-opt,INTC 75 P 18/12/26,Option,Structured Product,,,
2026/6/1,202606,LGT SG,A,USD,USD,1004,0,-1.059323572,2026/6/15,1,-935.9303413,-935.9303413,0,0,-935.9303413,2026/6/1,LGT,YY0162295406,Derivatives,accum-otc,TSM Jun 27 348.3373,Equity AQ,Structured Product,YY0162295406,"R Taiwan Semi /ADR (724641) (the ""Share"")",
2026/6/1,202606,LGT SG,C,USD,USD,3012,0,-0.543918555,2026/6/15,1,-1769.345293,-1769.345293,0,0,-1769.345293,2026/6/1,LGT,YY0162281026,Derivatives,accum-otc,NVDA Jun 27 175.7182,Equity AQ,Structured Product,YY0162281026,"R NVIDIA (994529) (the ""Share"")",
2026/6/1,202606,LGT SG,C,USD,USD,-500,40.66584,23.21807786,2026/6/15,1,-13118.20934,-13118.20934,0,0,-13118.20934,2026/6/1,LGT,YY0161703921,Derivatives,otc-p-share-opt,TSLA 353.616P 12/11/26,Option,Structured Product,,,
2026/6/1,202606,LGT SG,C,USD,USD,-500,23.1768,5.661805612,2026/6/15,1,-2491.197855,-2491.197855,0,0,-2491.197855,2026/6/1,LGT,YY0161711346,Derivatives,otc-p-share-opt,TSLA 270.396P 13/11/26,Option,Structured Product,,,
2026/6/1,202606,LGT SG,C,USD,USD,-1500,15.1256,7.912281455,2026/6/15,1,-9494.740224,-9494.740224,0,0,-9494.740224,2026/6/1,LGT,YY0161867031,Derivatives,otc-p-share-opt,NVDA 162.6002P15/01/27,Option,Structured Product,,,
2026/6/1,202606,LGT SG,C,USD,USD,-6,10.7,2.710379785,2026/6/15,1,-1447.342805,-1447.342805,0,0,-1447.342805,2026/6/1,LGT,YY0162136246,Derivatives,share-opt,MSFT 395 P 18/06/26,Option,Structured Product,,,
2026/6/1,202606,LGT SG,C,USD,USD,-1200,9.4075167,5.103255981,2026/6/15,1,-5389.041017,-5389.041017,0,0,-5389.041017,2026/6/1,LGT,YY0162139380,Derivatives,otc-p-share-opt,NVDA 176.1408P20/10/26,Option,Structured Product,,,
2026/6/1,202606,LGT SG,C,USD,USD,200000,100,99.39488668,2026/6/15,1,224632.4439,224632.4439,0,0,224632.4439,2026/6/1,LGT,XS3361704862,Equities,oth-hybrid,18 Nomura 26 FCN,FCN,Structured Product,,Nomura International Funding Pte Ltd 18 % 2026-22.07.2026 Fixed Coupon Notes linked to NVIDIA CORP / TESLA INC / TAIWAN SEMICONDUCTOR-SP ADR (Strike 166.1037 / 324.714 / 337.203),NVIDIA Corporation;NVDA;Tesla Inc;TSLA;Taiwan Semiconductor Manufacturing Company Limited;TSM
2026/6/1,202606,LGT SG,C,USD,USD,-10,49,5.809081173,2026/6/15,1,-5750.990361,-5750.990361,0,0,-5750.990361,2026/6/1,LGT,YY0161735048,Derivatives,share-opt,TSLA 540 C 21/08/26,Option,Structured Product,,,
2026/6/1,202606,LGT SG,A,USD,USD,200000,100,113.854485,2026/6/15,1,229986.0597,229986.0597,0,0,229986.0597,2026/6/1,LGT,XS3363640783,Equities,oth-hybrid,12 Barc 26 FCN,FCN,Structured Product,,Barclays Bank PLC 12 % 2026-03.09.2026 Fixed Coupon Notes linked to Equities Basket,Apple Inc;AAPL;Amazon.com Inc;AMZN;NVIDIA Corporation;NVDA;Taiwan Semiconductor Manufacturing Company Limited;TSM
2026/6/1,202606,LGT SG,C,USD,USD,-450,15.6204,23.84086261,2026/6/15,1,-8904.564729,-8904.564729,0,0,-8904.564729,2026/6/1,LGT,YY0161989934,Derivatives,otc-p-share-opt,MSFT 488.1375C 25/2/27,Option,Structured Product,,,
2026/6/1,202606,LGT SG,A,USD,USD,502,0,-0.160033117,2026/6/15,1,-89.17836198,-89.17836198,0,0,-89.17836198,2026/6/1,LGT,YY0162283345,Derivatives,accum-otc,TSM Jun 27 345.7185,Equity AQ,Structured Product,YY0162283345,"R Taiwan Semi /ADR (724641) (the ""Share"")",
2026/6/1,202606,LGT SG,A,USD,USD,200,465,282.5973322,2026/6/15,1,54258.68779,54258.68779,0,0,54258.68779,2026/6/1,LGT,US5949181045,Equities,reg-share,R Microsoft,Equity,Equity,,REGISTERED SHS MICROSOFT CORP US5949181045 1000 USD 153.5 NASDAQ,Microsoft Corporation;MSFT
2026/6/1,202606,LGT SG,C,USD,USD,-1000,16.2972,21.94927569,2026/6/15,1,-24583.18589,-24583.18589,0,0,-24583.18589,2026/6/1,LGT,YY0161728548,Derivatives,otc-p-share-opt,NVDA 235.404C 20/11/26,Option,Structured Product,,,
2026/6/1,202606,LGT SG,C,USD,USD,100,92.75,75.37179486,2026/6/16,1,9044.615383,9044.615383,0,0,9044.615383,2026/6/1,LGT,US64110L1061,Equities,reg-share,R Netflix,Equity,Equity,1413346,NETFLIX INC (U.S. SECURITY),Netflix Inc;NFLX
2026/6/1,202606,LGT SG,C,USD,USD,-15,20,5.642729336,2026/6/15,1,-9479.785284,-9479.785284,0,0,-9479.785284,2026/6/1,LGT,YY0161863881,Derivatives,share-opt,NVDA 168 P 18/12/26,Option,Structured Product,,,
2026/6/1,202606,LGT SG,C,USD,USD,-10,9.345,0.008371176,2026/6/15,1,-9.710564373,-9.710564373,0,0,-9.710564373,2026/6/1,LGT,YY0161759345,Derivatives,share-opt,NVDA 160 P 18/06/26,Option,Structured Product,,,
2026/6/1,202606,LGT SG,C,USD,USD,900,313.8466667,397.0735061,2026/6/16,1,314482.2168,314482.2168,0,0,314482.2168,2026/6/1,LGT,US02079K1079,Equities,reg-share,R Alphabet C,Equity,Equity,,Reg.shs-C-AlphabetInc. nonvoting (GOOG) ISINUS02079K1079-股票代號GOOG,Alphabet Inc;GOOG
2026/6/1,202606,LGT SG,A,USD,USD,200000,100,124.8177916,2026/6/16,1,257124.6506,257124.6506,0,0,257124.6506,2026/6/1,LGT,XS3355429757,Equities,oth-hybrid,15 CSI 26 FCN,FCN,Structured Product,,,
2026/6/1,202606,LGT SG,A,USD,USD,100000,100,96.98212439,2026/6/15,1,84374.44822,84374.44822,0,0,84374.44822,2026/6/1,LGT,XS3116181135,Equities,oth-hybrid,12 Nomura 27 FCN,FCN,Structured Product,,Nomura International Funding Pte Ltd 12 % 2025-05.01.2027 Fixed Coupon Notes linked to Equities Basket,NVIDIA Corporation;NVDA;Tesla Inc;TSLA;Meta Platforms Inc;META
2026/6/1,202606,LGT SG,B,USD,USD,202201.69,1,0,,1,240620.0111,240620.0111,121.49,121.49,240764.5842,2026/6/1,LGT,SG.2028035,Short-term investments,,Deposit - Money Market Fixed T,TD,Spot/FX/Deposit/Loans,,,
2026/6/1,202606,LGT SG,C,USD,USD,150000,100,80.06576149,2026/6/15,1,129706.5336,129706.5336,0,0,129706.5336,2026/6/1,LGT,XS3173369771,Equities,oth-hybrid,12 CSI 26 FCN,FCN,Structured Product,,CSI FINANCIAL PRODUCTS LTD 12 % 2025-09.07.2026 Fixed Coupon Notes linked to Equities Basket,NVIDIA Corporation;NVDA;Meta Platforms Inc;META;Tesla Inc;TSLA;Taiwan Semiconductor Manufacturing Company Limited;TSM
2026/6/1,202606,LGT SG,C,USD,USD,-50,5.3,5.725214522,2026/6/15,1,-23759.64027,-23759.64027,0,0,-23759.64027,2026/6/1,LGT,YY0162191738,Derivatives,share-opt,IBIT 44 P 18/12/26,Option,Structured Product,,,
2026/6/1,202606,LGT SG,C,USD,USD,-20,17.525,17.36905001,2026/6/15,1,-31264.29002,-31264.29002,0,0,-31264.29002,2026/6/1,LGT,YY0160952644,Derivatives,share-opt,NVDA 235 C 18/12/26,Option,Structured Product,,The Options Clearing Corp OCC Option NVDA 235 Call 18 December 2026 100,NVIDIA Corporation;NVDA
2026/6/1,202606,LGT SG,C,USD,USD,-1000,21.804,8.837479799,2026/6/15,1,-9367.734564,-9367.734564,0,0,-9367.734564,2026/6/1,LGT,YY0161741483,Derivatives,otc-p-share-opt,NVDA 172.615P 25/11/26,Option,Structured Product,,,
2026/6/1,202606,LGT SG,C,USD,USD,-8,18,9.737044354,2026/6/15,1,-6699.086516,-6699.086516,0,0,-6699.086516,2026/6/1,LGT,YY0161085469,Derivatives,share-opt,TSLA 290 P 18/12/26,Option,Structured Product,,,
2026/6/1,202606,LGT SG,A,USD,USD,-300,20.2235,22.11227413,2026/6/15,1,-7827.740401,-7827.740401,0,0,-7827.740401,2026/6/1,LGT,YY0161946546,Derivatives,otc-p-share-opt,MSFT 485.364C 09/02/27,Option,Structured Product,,,
2026/6/1,202606,LGT SG,A,USD,USD,-600,17.28,248.7795536,2026/6/15,1,-164194.5036,-164194.5036,0,0,-164194.5036,2026/6/1,LGT,YY0161182092,Derivatives,otc-p-share-opt,TSM 243C 30/04/27,Option,Structured Product,,,
2026/6/1,202606,LGT SG,A,USD,USD,-250,34.174,29.83428859,2026/6/15,1,-6712.716846,-6712.716846,0,0,-6712.716846,2026/6/1,LGT,YY0161790928,Derivatives,otc-p-share-opt,TSLA 366.15P 17/12/26,Option,Structured Product,,,
2026/6/1,202606,LGT SG,A,USD,USD,150000,100,108.7962278,2026/6/15,1,182777.6628,182777.6628,0,0,182777.6628,2026/6/1,LGT,CH1559706903,Equities,oth-hybrid,15 Vont 26 FCN,FCN,Structured Product,,Vontobel Financial Products Ltd 15 % 2026-29.07.2026 Fixed Coupon Notes linked to Equities Basket,Meta Platforms Inc;META;NVIDIA Corporation;NVDA;Tesla Inc;TSLA;Taiwan Semiconductor Manufacturing Company Limited;TSM
2026/6/1,202606,LGT SG,A,USD,USD,-800,18.0614,7.697718412,2026/6/15,1,-5542.353668,-5542.353668,0,0,-5542.353668,2026/6/1,LGT,YY0161947320,Derivatives,otc-p-share-opt,NVDA 162.184P 09/02/27,Option,Structured Product,,,
2026/6/1,202606,LGT SG,C,USD,USD,-2,60,19.50210984,2026/6/15,1,-3237.350233,-3237.350233,0,0,-3237.350233,2026/6/1,LGT,YY0161997606,Derivatives,share-opt,META 750 C 18/12/26,Option,Structured Product,,,
2026/6/1,202606,LGT SG,C,USD,USD,-15,10.9,5.060824674,2026/6/15,1,-8198.535972,-8198.535972,0,0,-8198.535972,2026/6/1,LGT,YY0162026223,Derivatives,share-opt,NVDA 180 P 18/09/26,Option,Structured Product,,,
2026/6/1,202606,LGT SG,A,USD,USD,150000,100,85.70066975,2026/6/15,1,149119.1653,149119.1653,0,0,149119.1653,2026/6/1,LGT,CH1568572270,Equities,oth-hybrid,18 Vont 26 RCv,FCN,Structured Product,,Vontobel Financial Products Ltd 18 % 2026-11.09.2026 Reverse Conv. linked to Equities Basket,Alphabet Inc;GOOG;Apple Inc;AAPL;NVIDIA Corporation;NVDA;Taiwan Semiconductor Manufacturing Company Limited;TSM
2026/6/1,202606,LGT SG,C,USD,USD,-10,13.61,1.362040929,2026/6/15,1,-1334.80011,-1334.80011,0,0,-1334.80011,2026/6/1,LGT,YY0161933080,Derivatives,share-opt,NVDA 165 P 21/08/26,Option,Structured Product,,,
2026/6/1,202606,LGT SG,A,USD,USD,-400,15.7112,10.4957448,2026/6/15,1,-4953.989383,-4953.989383,0,0,-4953.989383,2026/6/1,LGT,YY0162144661,Derivatives,otc-p-share-opt,TSLA 322.079P 21/10/26,Option,Structured Product,,,
2026/6/1,202606,LGT SG,C,USD,USD,-800,22.3727375,4.778915075,2026/6/15,1,-3593.746354,-3593.746354,0,0,-3593.746354,2026/6/1,LGT,YY0161533872,Derivatives,otc-p-share-opt,TSLA 290.017P 16/09/26,Option,Structured Product,,,
2026/6/1,202606,LGT SG,C,USD,USD,6,18,17.67284898,2026/6/15,1,10179.56101,10179.56101,0,0,10179.56101,2026/6/1,LGT,YY0162103469,Derivatives,share-opt,MSFT 390 C 17/07/26,Option,Structured Product,,,
2026/6/1,202606,LGT SG,C,USD,USD,-20,15.6,4.886122006,2026/6/15,1,-9185.909371,-9185.909371,0,0,-9185.909371,2026/6/1,LGT,YY0161997671,Derivatives,share-opt,NVDA 160 P 20/11/26,Option,Structured Product,,,
2026/6/1,202606,LGT SG,B,USD,USD,315.30821,317.1500038,410.6904365,2026/6/15,1,113954.7786,113954.7786,0,0,113954.7786,2026/6/1,LGT,LU1240748514,Equities,share-fund,Ut Pic Jap Eq Sel HP,Fund,Fund,,Pictet SICAV - Pictet-Japanese Equity Selection Registered-units -HP- / Class USD Management company / AIFM PICTET FUNDS,
2026/6/1,202606,LGT SG,C,USD,USD,200000,100.7,13.79304511,2026/6/15,1,24275.7594,24275.7594,0,0,24275.7594,2026/6/1,LGT,XS1526108235,Bonds,float-bond,FLR Blue Skyview WFM,Bond,Bond,,"200,000 15.758 % 2017-without final Maturity Floating rate bond Eurobond Reg-S- Virgin Islands, British NR/NR",Blue Skyview Company Ltd
2026/6/1,202606,LGT SG,A,USD,USD,200000,100,114.9059834,2026/6/15,1,275774.3602,275774.3602,1152.333078,1152.333078,277157.1599,2026/6/1,LGT,XS3352209780,Equities,oth-hybrid,15 CSI 26 ACN,FCN,Structured Product,,CSI FINANCIAL PRODUCTS LTD 15 % 2026-06.08.2026 Autocallable Notes linked to Equities Basket,Amazon.com Inc;AMZN;Alphabet Inc;GOOG;Microsoft Corporation;MSFT;Taiwan Semiconductor Manufacturing Company Limited;TSM
2026/6/1,202606,LGT SG,A,USD,USD,200000,106.599,119.8329319,2026/6/15,1,206112.6429,206112.6429,3816.525481,3816.525481,209394.8548,2026/6/1,LGT,US404280DW61,Bonds,float-bond,FLR HSBC Hldg 44,Bond,Bond,125505423,6.332% Notes HSBC Holdings Plc 2023-09.03.2044 Global Fixed/Floating Rate,HSBC Holdings plc;HSBA.L
2026/6/1,202606,LGT SG,A,USD,USD,150000,100,125.3903402,2026/6/15,1,203132.3512,203132.3512,1181.503778,1181.503778,204408.3752,2026/6/1,LGT,XS3352256864,Equities,oth-hybrid,15 CSI 26 ACN,FCN,Structured Product,,CSI FINANCIAL PRODUCTS LTD 15 % 2026-05.08.2026 Autocallable Notes linked to Equities Basket,Apple Inc;AAPL;Amazon.com Inc;AMZN;NVIDIA Corporation;NVDA;Taiwan Semiconductor Manufacturing Company Limited;TSM
2026/6/1,202606,LGT SG,C,USD,USD,-500,46.3536,24.13765572,2026/6/15,1,-12551.57694,-12551.57694,0,0,-12551.57694,2026/6/1,LGT,YY0161711387,Derivatives,otc-p-share-opt,TSLA 540.792C 13/11/26,Option,Structured Product,,,
2026/6/1,202606,LGT SG,A,USD,USD,485303.09,1,0,,1,397948.5338,397948.5338,769.98,769.98,398579.9174,2026/6/1,LGT,,Liquidity,,Deposit - Money Market Call US,TD,Spot/FX/Deposit/Loans,,,
2026/6/1,202606,LGT SG,C,USD,USD,2510,0,-0.870331951,2026/6/15,1,-1987.92812,-1987.92812,0,0,-1987.92812,2026/6/1,LGT,YY0162292981,Derivatives,accum-otc,NVDA Jun 27 177.0088,Equity AQ,Structured Product,YY0162292981,"R NVIDIA (994529) (the ""Share"")",
2026/6/1,202606,LGT SG,A,USD,USD,-800,15.52,10.91494309,2026/6/15,1,-10216.3892,-10216.3892,0,0,-10216.3892,2026/6/1,LGT,YY0161996467,Derivatives,otc-p-share-opt,NVDA 166.84P 26/02/27,Option,Structured Product,,,
2026/6/1,202606,LGT SG,C,USD,USD,-50,4.7,1.747776766,2026/6/15,1,-10224.49408,-10224.49408,0,0,-10224.49408,2026/6/1,LGT,YY0162141931,Derivatives,share-opt,IBIT 50 C 18/12/26,Option,Structured Product,,,
2026/6/1,202606,LGT SG,A,USD,USD,100000,95.369,73.00425284,2026/6/16,1,66433.87008,66433.87008,1184.595473,1184.595473,67511.85196,2026/6/1,LGT,US037833BX70,Bonds,straight-bond,4.65 Apple 46,Bond,Bond,,4.65% APPLE INC NOTES 2016−23.02.2046,Apple Inc;AAPL
2026/6/1,202606,LGT SG,C,USD,USD,-10,11,18.45240927,2026/6/15,1,-20851.22248,-20851.22248,0,0,-20851.22248,2026/6/1,LGT,YY0162198097,Derivatives,share-opt,AMZN 230 P 15/01/27,Option,Structured Product,,,
2026/6/1,202606,LGT SG,A,USD,USD,200000,98.378,75.07027934,2026/6/15,1,178667.2649,178667.2649,2882.621112,2882.621112,182097.584,2026/6/1,LGT,US46647PDH64,Bonds,float-bond,FLR JPM 33,Bond,Bond,JPM24,JPMorgan Chase & Co 4.912 % 2022-25.07.2033 Floating rate bond,JPMorgan Chase & Co.;JPM
2026/6/1,202606,LGT SG,C,USD,USD,400,617.045,424.5129601,2026/6/15,1,183389.5987,183389.5987,0,0,183389.5987,2026/6/1,LGT,US30303M1027,Equities,reg-share,R Meta Platform A,Equity,Equity,,FACEBOOK INC - A,Meta Platforms Inc;META
2026/6/1,202606,LGT SG,B,USD,USD,3912.37,25.5600007,23.33095712,2026/4/30,1,83976.98838,83976.98838,0,0,83976.98838,2026/6/1,LGT,XD1448636039,Real estate participations,real-est-fund,Ut KKR Inf Fd KIF N1A,Fund,Fund,,KKR Infrastructure Fund SICAV SA- KIF Feeder-I Registered-units -N1A- / Class USD / Series 0425 Management company / AIFM KKR Alternative Investment Management,
2026/6/1,202606,LGT SG,A,USD,USD,-8,4.23125,0.54595863,2026/6/15,1,-458.6052489,-458.6052489,0,0,-458.6052489,2026/6/1,LGT,YY0162153720,Derivatives,share-opt,NVDA 205 P 18/06/26,Option,Structured Product,,,
2026/6/1,202606,LGT SG,A,USD,USD,100000,100,94.08049048,2026/6/15,1,112896.5886,112896.5886,0,0,112896.5886,2026/6/1,LGT,XS3361704862,Equities,oth-hybrid,18 Nomura 26 FCN,FCN,Structured Product,,Nomura International Funding Pte Ltd 18 % 2026-22.07.2026 Fixed Coupon Notes linked to NVIDIA CORP / TESLA INC / TAIWAN SEMICONDUCTOR-SP ADR (Strike 166.1037 / 324.714 / 337.203),NVIDIA Corporation;NVDA;Tesla Inc;TSLA;Taiwan Semiconductor Manufacturing Company Limited;TSM
2026/6/1,202606,LGT SG,C,USD,USD,-50,3.6,0.659964706,2026/6/15,1,-3035.837646,-3035.837646,0,0,-3035.837646,2026/6/1,LGT,YY0162141949,Derivatives,share-opt,IBIT 48 C 18/09/26,Option,Structured Product,,,
2026/6/1,202606,LGT SG,A,USD,USD,-300,45.6049,19.79508739,2026/6/15,1,-5166.518702,-5166.518702,0,0,-5166.518702,2026/6/1,LGT,YY0161737259,Derivatives,otc-p-share-opt,TSLA 580.426C 25/11/26,Option,Structured Product,,,
2026/6/1,202606,LGT SG,C,USD,USD,63000,51.9204173,48.00498097,2026/6/15,1,2721882.421,2721882.421,0,0,2721882.421,2026/6/1,LGT,US46438F1012,Others,other-fund,Ut iShs Btc Tr,ETF,Equity,128499088,IShares Bitcoin Trust iShares Bitcoin Trust ETF Shs Benef Int,iShares Bitcoin Trust;IBIT
2026/6/1,202606,LGT SG,B,USD,USD,10.023,14326.37534,13754.98562,2026/6/15,1,124079.5959,124079.5959,0,0,124079.5959,2026/6/1,LGT,IE0031294410,Short-term investments,mm-fund,Ut GS USD Lq Res,Fund,Fund,,Goldman Sachs Funds PLC - Goldman Sachs US Dollar Liquid Reserves Fund Registered-units Management company / AIFM Goldman Sachs Asset Management International,
2026/6/1,202606,LGT SG,B,USD,CNY,10.45,1,0,,0.14798591,10.57870982,1.5655,0,0,1.5655,2026/6/1,LGT,,Liquidity,,CNY account,Cash,Cash,,,
2026/6/1,202606,LGT SG,A,USD,USD,-300,27.937,22.01286826,2026/6/15,1,-7858.597759,-7858.597759,0,0,-7858.597759,2026/6/1,LGT,YY0162052898,Derivatives,otc-p-share-opt,TSLA 518.83C 18/12/26,Option,Structured Product,,,
2026/6/1,202606,LGT SG,A,USD,USD,-800,8.05,11.58878204,2026/6/15,1,-10198.13417,-10198.13417,0,0,-10198.13417,2026/6/1,LGT,YY0162228803,Derivatives,otc-p-share-opt,NVDA 197.8P 14/09/26,Option,Structured Product,,,
2026/6/1,202606,LGT SG,C,USD,USD,-10,28.5,26.76179061,2026/6/15,1,-29437.96967,-29437.96967,0,0,-29437.96967,2026/6/1,LGT,YY0162226286,Derivatives,share-opt,TSLA 400 P 18/09/26,Option,Structured Product,,,
2026/6/1,202606,LGT SG,A,USD,USD,-8,13.8,13.54869157,2026/6/15,1,-11380.90091,-11380.90091,0,0,-11380.90091,2026/6/1,LGT,YY0162251409,Derivatives,share-opt,NVDA 195 P 20/11/26,Option,Structured Product,,,
2026/6/1,202606,LGT SG,C,USD,USD,-15,10.35,3.857767192,2026/6/15,1,-6191.716343,-6191.716343,0,0,-6191.716343,2026/6/1,LGT,YY0162187017,Derivatives,share-opt,NVDA 185 P 21/08/26,Option,Structured Product,,,
2026/6/1,202606,LGT SG,C,USD,USD,-500,17.3615,1.00363549,2026/6/15,1,-471.7066955,-471.7066955,0,0,-471.7066955,2026/6/1,LGT,YY0161490024,Derivatives,otc-p-share-opt,TSLA 243.061 P 28/8/26,Option,Structured Product,,,
2026/6/1,202606,LGT SG,A,USD,USD,150000,100,121.2253353,2026/6/15,1,178201.2428,178201.2428,0,0,178201.2428,2026/6/1,LGT,CH1568585991,Equities,oth-hybrid,14 Vont 26 FCN,FCN,Structured Product,,Vontobel Financial Products Ltd 14 % 2026-20.10.2026 Fixed Coupon Notes linked to Equities Basket,
2026/6/1,202606,LGT SG,C,USD,USD,-15,51.2,50.96676959,2026/6/15,1,-77214.65592,-77214.65592,0,0,-77214.65592,2026/6/1,LGT,YY0161788252,Derivatives,share-opt,TSLA 390 P 18/12/26,Option,Structured Product,,,
2026/6/1,202606,LGT SG,C,USD,USD,-1000,15.8704,5.242910993,2026/6/15,1,-4456.475964,-4456.475964,0,0,-4456.475964,2026/6/1,LGT,YY0161794078,Derivatives,otc-p-share-opt,NVDA 156.96P 18/12/26,Option,Structured Product,,,
2026/6/1,202606,LGT SG,C,USD,HKD,-8503254.17,1,0,,0.12765197,-7397831.085,-944347.7118,-1046.8,-1046.8,-945258.4278,2026/6/1,LGT,,Credit,,"Fixed Advance HKD, 3.2%, 05.06",TL,Spot/FX/Deposit/Loans,,,
2026/6/1,202606,LGT SG,C,USD,USD,-1000,15.6995,18.86831122,2026/6/15,1,-18113.5779,-18113.5779,0,0,-18113.5779,2026/6/1,LGT,YY0161888474,Derivatives,otc-p-share-opt,NVDA 240.11C 22/01/27,Option,Structured Product,,,
2026/6/1,202606,LGT SG,A,USD,USD,-800,14.851025,7.844004069,2026/6/15,1,-6777.220852,-6777.220852,0,0,-6777.220852,2026/6/1,LGT,YY0162000731,Derivatives,otc-p-share-opt,NVDA 155.7546P 26/2/27,Option,Structured Product,,,
2026/6/1,202606,LGT SG,C,USD,USD,-12,8,1.990122536,2026/6/15,1,-2220.97675,-2220.97675,0,0,-2220.97675,2026/6/1,LGT,YY0162171482,Derivatives,share-opt,NVDA 195 P 17/07/26,Option,Structured Product,,,
2026/6/1,202606,LGT SG,C,USD,USD,-1000,40.59654,0.282957102,2026/6/15,1,-325.3992678,-325.3992678,0,0,-325.3992678,2026/6/1,LGT,YY0161311006,Derivatives,otc-p-share-opt,TSLA 534.165 C24/06/26,Option,Structured Product,,,
2026/6/1,202606,LGT SG,C,USD,USD,-500,13.70736,30.6979921,2026/6/15,1,-14888.52498,-14888.52498,0,0,-14888.52498,2026/6/1,LGT,YY0161577408,Derivatives,otc-p-share-opt,AAPL 284.3008C 25/9/26,Option,Structured Product,,,
2026/6/1,202606,LGT SG,C,USD,USD,-6,37.4,26.05594405,2026/6/15,1,-18447.60839,-18447.60839,0,0,-18447.60839,2026/6/1,LGT,YY0161808738,Derivatives,share-opt,TSLA 360 P 18/12/26,Option,Structured Product,,,
2026/6/1,202606,LGT SG,A,USD,USD,200000,100.8,15.21912937,2026/6/15,1,25263.75476,25263.75476,0,0,25263.75476,2026/6/1,LGT,XS1526108235,Bonds,float-bond,FLR Blue Skyview WFM,Bond,Bond,,"200,000 15.758 % 2017-without final Maturity Floating rate bond Eurobond Reg-S- Virgin Islands, British NR/NR",Blue Skyview Company Ltd
2026/6/1,202606,LGT SG,C,USD,USD,-600,36.67,25.52372899,2026/6/15,1,-13323.38422,-13323.38422,0,0,-13323.38422,2026/6/1,LGT,YY0162123863,Derivatives,otc-p-share-opt,TSLA 275.025P 13/04/28,Option,Structured Product,,,
2026/6/1,202606,LGT SG,A,USD,USD,200000,100,123.4197701,2026/6/16,1,283865.4712,283865.4712,0,0,283865.4712,2026/6/1,LGT,XS3355432629,Equities,oth-hybrid,18 CSI 26 FCN,FCN,Structured Product,,,
2026/6/1,202606,LGT SG,B,USD,USD,677,243.3872083,462.648568,2026/6/16,1,288156.0341,288156.0341,0,0,288156.0341,2026/6/1,LGT,US0846707026,Equities,reg-share,R Berkshire B,Equity,Equity,10926529,Reg.shs -B- Berkshire Hathaway (BRK.B),Berkshire Hathaway Inc;BRK-B
2026/6/1,202606,LGT SG,C,USD,USD,-1500,7.2608,0.381152682,2026/6/15,1,-474.5389879,-474.5389879,0,0,-474.5389879,2026/6/1,LGT,YY0161432257,Derivatives,otc-p-share-opt,NVDA 136.14P 07/08/26,Option,Structured Product,,,
2026/6/1,202606,LGT SG,C,USD,USD,-1400,13.0662,8.916863234,2026/6/15,1,-11484.91634,-11484.91634,0,0,-11484.91634,2026/6/1,LGT,YY0161607619,Derivatives,otc-p-share-opt,NVDA 242.658C 08/10/26,Option,Structured Product,,,
2026/6/1,202606,LGT SG,C,USD,USD,-500,32.76,64.36468351,2026/6/15,1,-37975.16328,-37975.16328,0,0,-37975.16328,2026/6/1,LGT,YY0162101711,Derivatives,otc-p-share-opt,TSLA 491.4C 08/04/27,Option,Structured Product,,,
2026/6/1,202606,LGT SG,A,USD,USD,100000,100,66.51520179,2026/6/15,1,71171.26592,71171.26592,0,0,71171.26592,2026/6/1,LGT,XS3352284486,Equities,oth-hybrid,CSI Ct/R Meta 26,BEN,Structured Product,,CSI FINANCIAL PRODUCTS LTD Bonus Enhanced Notes 2026-02.12.2026 linked to META PLATFORMS INC-CLASS A (Strike 615.72),Meta Platforms Inc;META
2026/6/1,202606,LGT SG,C,USD,USD,700,390.4814286,407.8031304,2026/6/16,1,259770.5941,259770.5941,0,0,259770.5941,2026/6/1,LGT,US8740391003,Equities,reg-share,R Taiwan Semi /ADR,Equity,Equity,TSM,TAIWAN SEMI-ADR,Taiwan Semiconductor Manufacturing Company Limited;TSM
2026/6/1,202606,LGT SG,A,USD,USD,-472,8.3959958,57.9292933,2026/6/15,1,-25428.64178,-25428.64178,0,0,-25428.64178,2026/6/1,LGT,YY0161361092,Derivatives,otc-p-share-opt,AAPL 245.583C 14/07/26,Option,Structured Product,,,
2026/6/1,202606,LGT SG,C,USD,USD,200000,100,108.6806566,2026/6/15,1,213014.0868,213014.0868,0,0,213014.0868,2026/6/1,LGT,XS3355437008,Equities,el-notes,Var CSI 27 ELN,Equity,Equity,,,
2026/6/1,202606,LGT SG,C,USD,USD,-1500,27.937,34.21800637,2026/6/15,1,-57999.5208,-57999.5208,0,0,-57999.5208,2026/6/1,LGT,YY0162052898,Derivatives,otc-p-share-opt,TSLA 518.83C 18/12/26,Option,Structured Product,,,
2026/6/1,202606,LGT SG,C,USD,USD,150000,100,89.02367919,2026/6/15,1,106828.415,106828.415,0,0,106828.415,2026/6/1,LGT,CH1559706903,Equities,oth-hybrid,15 Vont 26 FCN,FCN,Structured Product,,Vontobel Financial Products Ltd 15 % 2026-29.07.2026 Fixed Coupon Notes linked to Equities Basket,Meta Platforms Inc;META;NVIDIA Corporation;NVDA;Tesla Inc;TSLA;Taiwan Semiconductor Manufacturing Company Limited;TSM
2026/6/1,202606,LGT SG,C,USD,USD,2500,437.0384,495.6154086,2026/6/15,1,1164696.211,1164696.211,0,0,1164696.211,2026/6/1,LGT,US5949181045,Equities,reg-share,R Microsoft,Equity,Equity,,REGISTERED SHS MICROSOFT CORP US5949181045 1000 USD 153.5 NASDAQ,Microsoft Corporation;MSFT
2026/6/1,202606,LGT SG,A,USD,USD,-800,18.277,10.99358332,2026/6/15,1,-7475.633458,-7475.633458,0,0,-7475.633458,2026/6/1,LGT,YY0161975131,Derivatives,otc-p-share-opt,NVDA 164.12P 19/02/27,Option,Structured Product,,,
2026/6/1,202606,LGT SG,C,USD,USD,12800,364.8380727,283.0326473,2026/6/16,1,3550361.528,3550361.528,0,0,3550361.528,2026/6/1,LGT,US88160R1014,Equities,reg-share,R Tesla,Equity,Equity,,TESLA MOTORS,Tesla Inc;TSLA
2026/6/1,202606,LGT SG,C,USD,USD,-1000,8.756,0.167084411,2026/6/15,1,-170.4242223,-170.4242223,0,0,-170.4242223,2026/6/1,LGT,YY0161432273,Derivatives,otc-p-share-opt,AAPL 197.01P 07/08/26,Option,Structured Product,,,
2026/6/1,202606,LGT SG,A,USD,USD,-300,22.8581667,37.81192004,2026/6/15,1,-10436.08961,-10436.08961,0,0,-10436.08961,2026/6/1,LGT,YY0162278261,Derivatives,otc-p-share-opt,TSLA 373.643P 27/11/26,Option,Structured Product,,,
2026/6/1,202606,LGT SG,C,USD,USD,-5,26,17.33434003,2026/6/15,1,-10313.93232,-10313.93232,0,0,-10313.93232,2026/6/1,LGT,YY0162151740,Derivatives,share-opt,MSFT 485 C 18/12/26,Option,Structured Product,,,
2026/6/1,202606,LGT SG,A,USD,USD,-200,20.7845,17.04181766,2026/6/15,1,-2726.691734,-2726.691734,0,0,-2726.691734,2026/6/1,LGT,YY0161181698,Derivatives,otc-p-share-opt,MSFT 562.913 C 30/4/27,Option,Structured Product,,,
2026/6/1,202606,LGT SG,C,USD,USD,150000,100,95.99737523,2026/6/15,1,136796.2597,136796.2597,0,0,136796.2597,2026/6/1,LGT,XS3362107040,Equities,oth-hybrid,18 Nomura 26 FCN,FCN,Structured Product,,Nomura International Funding Pte Ltd 18 % 2026-18.09.2026 Fixed Coupon Notes linked to NVIDIA CORP / TESLA INC / TAIWAN SEMICONDUCTOR-SP ADR (Strike 177.8637 / 327.2517 / 345.2838),
2026/6/1,202606,LGT SG,C,USD,USD,-5,29,17.76011524,2026/6/15,1,-7903.251283,-7903.251283,0,0,-7903.251283,2026/6/1,LGT,YY0162113559,Derivatives,share-opt,TSLA 500 C 16/10/26,Option,Structured Product,,,
2026/6/1,202606,LGT SG,A,USD,USD,-600,8.0514,0.138692429,2026/6/15,1,-92.36609203,-92.36609203,0,0,-92.36609203,2026/6/1,LGT,YY0161825021,Derivatives,otc-p-share-opt,NVDA 162.945P 02/07/26,Option,Structured Product,,,
2026/6/1,202606,LGT SG,C,USD,USD,250000,100,128.0207183,2026/6/15,1,262442.4725,262442.4725,0,0,262442.4725,2026/6/1,LGT,XS3313466081,Equities,oth-hybrid,JPM Ct/R Tesla 26,BEN,Structured Product,,J.P. Morgan Structured Products B.V. Digital Coupon Note 2026-09.09.2026 linked to R Tesla (Strike 402.46) Redemption amount 120.77 %,Tesla Inc;TSLA
2026/6/1,202606,LGT SG,C,USD,USD,-2,45,15.82138308,2026/6/15,1,-2563.064059,-2563.064059,0,0,-2563.064059,2026/6/1,LGT,YY0162125215,Derivatives,share-opt,META 800 C 18/12/26,Option,Structured Product,,,
2026/6/1,202606,LGT SG,A,USD,USD,200000,100,125.4479317,2026/6/15,1,200716.6906,200716.6906,1508.806886,1508.806886,201923.7362,2026/6/1,LGT,XS3352205952,Equities,oth-hybrid,18 CSI 26 ACN,FCN,Structured Product,,CSI FINANCIAL PRODUCTS LTD 18 % 2026-07.10.2026 Autocallable Notes linked to Equities Basket,Amazon.com Inc;AMZN;Alphabet Inc;GOOG;Microsoft Corporation;MSFT;Taiwan Semiconductor Manufacturing Company Limited;TSM
